use QLI_KTX
GO
INSERT INTO TB_KHU_NHA VALUES(N'KN01',N'A')
INSERT INTO TB_KHU_NHA VALUES(N'KN02',N'B')
INSERT INTO TB_KHU_NHA VALUES(N'KN03',N'C')

GO
INSERT INTO TB_Phong VALUES(N'P001',N'11A',N'KN01',N'DỊCH VỤ',6,0,3600000)
INSERT INTO TB_Phong VALUES(N'P002',N'12A',N'KN01',N'DỊCH VỤ',6,0,3600000)
INSERT INTO TB_Phong VALUES(N'P003',N'13A',N'KN01',N'DỊCH VỤ',6,0,3600000)
INSERT INTO TB_Phong VALUES(N'P004',N'14A',N'KN01',N'DỊCH VỤ',6,0,3600000)
INSERT INTO TB_Phong VALUES(N'P005',N'15A',N'KN01',N'DỊCH VỤ',6,0,3600000)
INSERT INTO TB_Phong VALUES(N'P006',N'21A',N'KN01',N'THƯỜNG',6,0,2100000)
INSERT INTO TB_Phong VALUES(N'P007',N'22A',N'KN01',N'THƯỜNG',8,0,2000000)
INSERT INTO TB_Phong VALUES(N'P008',N'23A',N'KN01',N'THƯỜNG',10,0,3000000)
INSERT INTO TB_Phong VALUES(N'P009',N'24A',N'KN01',N'THƯỜNG',6,0,2100000)
INSERT INTO TB_Phong VALUES(N'P010',N'25A',N'KN01',N'THƯỜNG',6,0,2100000)
INSERT INTO TB_Phong VALUES(N'P011',N'31A',N'KN01',N'THƯỜNG',6,0,2100000)
INSERT INTO TB_Phong VALUES(N'P012',N'32A',N'KN01',N'THƯỜNG',8,0,2000000)
INSERT INTO TB_Phong VALUES(N'P013',N'33A',N'KN01',N'THƯỜNG',10,0,3000000)
INSERT INTO TB_Phong VALUES(N'P014',N'34A',N'KN01',N'THƯỜNG',6,0,2100000)
INSERT INTO TB_Phong VALUES(N'P015',N'35A',N'KN01',N'THƯỜNG',6,0,2100000)
INSERT INTO TB_Phong VALUES(N'P016',N'41A',N'KN01',N'THƯỜNG',6,0,2100000)
INSERT INTO TB_Phong VALUES(N'P017',N'42A',N'KN01',N'THƯỜNG',8,0,2000000)
INSERT INTO TB_Phong VALUES(N'P018',N'43A',N'KN01',N'THƯỜNG',10,0,3000000)
INSERT INTO TB_Phong VALUES(N'P019',N'44A',N'KN01',N'THƯỜNG',6,0,2100000)
INSERT INTO TB_Phong VALUES(N'P020',N'55A',N'KN01',N'THƯỜNG',6,0,2100000)

INSERT INTO TB_Phong VALUES(N'P021',N'11B',N'KN02',N'DỊCH VỤ',6,0,3600000)
INSERT INTO TB_Phong VALUES(N'P022',N'12B',N'KN02',N'DỊCH VỤ',6,0,3600000)
INSERT INTO TB_Phong VALUES(N'P023',N'13B',N'KN02',N'DỊCH VỤ',6,0,3600000)
INSERT INTO TB_Phong VALUES(N'P024',N'14B',N'KN02',N'DỊCH VỤ',6,0,3600000)
INSERT INTO TB_Phong VALUES(N'P025',N'15B',N'KN02',N'DỊCH VỤ',6,0,3600000)
INSERT INTO TB_Phong VALUES(N'P026',N'21B',N'KN02',N'THƯỜNG',6,0,2100000)
INSERT INTO TB_Phong VALUES(N'P027',N'22B',N'KN02',N'THƯỜNG',8,0,2000000)
INSERT INTO TB_Phong VALUES(N'P028',N'23B',N'KN02',N'THƯỜNG',10,0,3000000)
INSERT INTO TB_Phong VALUES(N'P029',N'24B',N'KN02',N'THƯỜNG',6,0,2100000)
INSERT INTO TB_Phong VALUES(N'P030',N'25B',N'KN02',N'THƯỜNG',6,0,2100000)
INSERT INTO TB_Phong VALUES(N'P031',N'31B',N'KN02',N'THƯỜNG',6,0,2100000)
INSERT INTO TB_Phong VALUES(N'P032',N'32B',N'KN02',N'THƯỜNG',8,0,2000000)
INSERT INTO TB_Phong VALUES(N'P033',N'33B',N'KN02',N'THƯỜNG',10,0,3000000)
INSERT INTO TB_Phong VALUES(N'P034',N'34B',N'KN02',N'THƯỜNG',6,0,2100000)
INSERT INTO TB_Phong VALUES(N'P035',N'35B',N'KN02',N'THƯỜNG',6,0,2100000)
INSERT INTO TB_Phong VALUES(N'P036',N'41B',N'KN02',N'THƯỜNG',6,0,2100000)
INSERT INTO TB_Phong VALUES(N'P037',N'42B',N'KN02',N'THƯỜNG',8,0,2000000)
INSERT INTO TB_Phong VALUES(N'P038',N'43B',N'KN02',N'THƯỜNG',10,0,3000000)
INSERT INTO TB_Phong VALUES(N'P039',N'44B',N'KN02',N'THƯỜNG',6,0,2100000)
INSERT INTO TB_Phong VALUES(N'P040',N'55B',N'KN02',N'THƯỜNG',6,0,2100000)

INSERT INTO TB_Phong VALUES(N'P041',N'11C',N'KN03',N'DỊCH VỤ',6,0,3600000)
INSERT INTO TB_Phong VALUES(N'P042',N'12C',N'KN03',N'DỊCH VỤ',6,0,3600000)
INSERT INTO TB_Phong VALUES(N'P043',N'13C',N'KN03',N'DỊCH VỤ',6,0,3600000)
INSERT INTO TB_Phong VALUES(N'P044',N'14C',N'KN03',N'DỊCH VỤ',6,0,3600000)
INSERT INTO TB_Phong VALUES(N'P045',N'15C',N'KN03',N'DỊCH VỤ',6,0,3600000)
INSERT INTO TB_Phong VALUES(N'P046',N'21C',N'KN03',N'THƯỜNG',6,0,2100000)
INSERT INTO TB_Phong VALUES(N'P047',N'22C',N'KN03',N'THƯỜNG',8,0,2000000)
INSERT INTO TB_Phong VALUES(N'P048',N'23C',N'KN03',N'THƯỜNG',10,0,3000000)
INSERT INTO TB_Phong VALUES(N'P049',N'24C',N'KN03',N'THƯỜNG',6,0,2100000)
INSERT INTO TB_Phong VALUES(N'P050',N'25C',N'KN03',N'THƯỜNG',6,0,2100000)
INSERT INTO TB_Phong VALUES(N'P051',N'31C',N'KN03',N'THƯỜNG',6,0,2100000)
INSERT INTO TB_Phong VALUES(N'P052',N'32C',N'KN03',N'THƯỜNG',8,0,2000000)
INSERT INTO TB_Phong VALUES(N'P053',N'33C',N'KN03',N'THƯỜNG',10,0,3000000)
INSERT INTO TB_Phong VALUES(N'P054',N'34C',N'KN03',N'THƯỜNG',6,0,2100000)
INSERT INTO TB_Phong VALUES(N'P055',N'35C',N'KN03',N'THƯỜNG',6,0,2100000)
INSERT INTO TB_Phong VALUES(N'P056',N'41C',N'KN03',N'THƯỜNG',6,0,2100000)
INSERT INTO TB_Phong VALUES(N'P057',N'42C',N'KN03',N'THƯỜNG',8,0,2000000)
INSERT INTO TB_Phong VALUES(N'P058',N'43C',N'KN03',N'THƯỜNG',10,0,3000000)
INSERT INTO TB_Phong VALUES(N'P059',N'44C',N'KN03',N'THƯỜNG',6,0,2100000)
INSERT INTO TB_Phong VALUES(N'P060',N'55C',N'KN03',N'THƯỜNG',6,0,2100000)
GO

INSERT INTO TB_THIET_BI VALUES(N'TB001',N'QUẠT',N'P001',N'TỐT')
INSERT INTO TB_THIET_BI VALUES(N'TB002',N'QUẠT',N'P001',N'TỐT')
INSERT INTO TB_THIET_BI VALUES(N'TB003',N'GIƯỜNG',N'P001',N'TỐT')
INSERT INTO TB_THIET_BI VALUES(N'TB004',N'GIƯỜNG',N'P001',N'TỐT')
INSERT INTO TB_THIET_BI VALUES(N'TB005',N'GIƯỜNG',N'P001',N'TỐT')
INSERT INTO TB_THIET_BI VALUES(N'TB006',N'ĐÈN',N'P001',N'TỐT')
INSERT INTO TB_THIET_BI VALUES(N'TB007',N'ĐÈN',N'P001',N'TỐT')
INSERT INTO TB_THIET_BI VALUES(N'TB008',N'NÓNG LẠNH',N'P001',N'TỐT')
INSERT INTO TB_THIET_BI VALUES(N'TB009',N'ĐIỀU HÒA',N'P001',N'TỐT')

INSERT INTO TB_THIET_BI VALUES(N'TB010',N'QUẠT',N'P002',N'TỐT')
INSERT INTO TB_THIET_BI VALUES(N'TB011',N'QUẠT',N'P002',N'TỐT')
INSERT INTO TB_THIET_BI VALUES(N'TB012',N'GIƯỜNG',N'P002',N'TỐT')
INSERT INTO TB_THIET_BI VALUES(N'TB013',N'GIƯỜNG',N'P002',N'TỐT')
INSERT INTO TB_THIET_BI VALUES(N'TB014',N'GIƯỜNG',N'P002',N'TỐT')
INSERT INTO TB_THIET_BI VALUES(N'TB015',N'ĐÈN',N'P002',N'TỐT')
INSERT INTO TB_THIET_BI VALUES(N'TB016',N'ĐÈN',N'P002',N'TỐT')
INSERT INTO TB_THIET_BI VALUES(N'TB017',N'NÓNG LẠNH',N'P002',N'TỐT')
INSERT INTO TB_THIET_BI VALUES(N'TB018',N'ĐIỀU HÒA',N'P002',N'TỐT')

INSERT INTO TB_THIET_BI VALUES(N'TB019',N'QUẠT',N'P003',N'TỐT')
INSERT INTO TB_THIET_BI VALUES(N'TB020',N'QUẠT',N'P003',N'TỐT')
INSERT INTO TB_THIET_BI VALUES(N'TB021',N'GIƯỜNG',N'P003',N'TỐT')
INSERT INTO TB_THIET_BI VALUES(N'TB022',N'GIƯỜNG',N'P003',N'TỐT')
INSERT INTO TB_THIET_BI VALUES(N'TB023',N'GIƯỜNG',N'P003',N'TỐT')
INSERT INTO TB_THIET_BI VALUES(N'TB024',N'ĐÈN',N'P003',N'TỐT')
INSERT INTO TB_THIET_BI VALUES(N'TB025',N'ĐÈN',N'P003',N'TỐT')
INSERT INTO TB_THIET_BI VALUES(N'TB026',N'NÓNG LẠNH',N'P003',N'TỐT')
INSERT INTO TB_THIET_BI VALUES(N'TB027',N'ĐIỀU HÒA',N'P003',N'TỐT')

INSERT INTO TB_THIET_BI VALUES(N'TB028',N'QUẠT',N'P004',N'TỐT')
INSERT INTO TB_THIET_BI VALUES(N'TB029',N'QUẠT',N'P004',N'TỐT')
INSERT INTO TB_THIET_BI VALUES(N'TB030',N'GIƯỜNG',N'P004',N'TỐT')
INSERT INTO TB_THIET_BI VALUES(N'TB031',N'GIƯỜNG',N'P004',N'TỐT')
INSERT INTO TB_THIET_BI VALUES(N'TB032',N'GIƯỜNG',N'P004',N'TỐT')
INSERT INTO TB_THIET_BI VALUES(N'TB033',N'ĐÈN',N'P004',N'TỐT')
INSERT INTO TB_THIET_BI VALUES(N'TB034',N'ĐÈN',N'P004',N'TỐT')
INSERT INTO TB_THIET_BI VALUES(N'TB035',N'NÓNG LẠNH',N'P004',N'TỐT')
INSERT INTO TB_THIET_BI VALUES(N'TB036',N'ĐIỀU HÒA',N'P004',N'TỐT')

INSERT INTO TB_THIET_BI VALUES(N'TB489',N'QUẠT',N'P006',N'TỐT')
INSERT INTO TB_THIET_BI VALUES(N'TB037',N'QUẠT',N'P006',N'TỐT')
INSERT INTO TB_THIET_BI VALUES(N'TB038',N'GIƯỜNG',N'P006',N'TỐT')
INSERT INTO TB_THIET_BI VALUES(N'TB039',N'GIƯỜNG',N'P006',N'TỐT')
INSERT INTO TB_THIET_BI VALUES(N'TB040',N'GIƯỜNG',N'P006',N'TỐT')
INSERT INTO TB_THIET_BI VALUES(N'TB041',N'ĐÈN',N'P006',N'TỐT')
INSERT INTO TB_THIET_BI VALUES(N'TB042',N'ĐÈN',N'P006',N'TỐT')

INSERT INTO TB_THIET_BI VALUES(N'TB045',N'QUẠT',N'P007',N'TỐT')
INSERT INTO TB_THIET_BI VALUES(N'TB046',N'QUẠT',N'P007',N'TỐT')
INSERT INTO TB_THIET_BI VALUES(N'TB047',N'GIƯỜNG',N'P007',N'TỐT')
INSERT INTO TB_THIET_BI VALUES(N'TB048',N'GIƯỜNG',N'P007',N'TỐT')
INSERT INTO TB_THIET_BI VALUES(N'TB049',N'GIƯỜNG',N'P007',N'TỐT')
INSERT INTO TB_THIET_BI VALUES(N'TB050',N'GIƯỜNG',N'P007',N'TỐT')
INSERT INTO TB_THIET_BI VALUES(N'TB051',N'ĐÈN',N'P007',N'TỐT')
INSERT INTO TB_THIET_BI VALUES(N'TB052',N'ĐÈN',N'P007',N'TỐT')

INSERT INTO TB_THIET_BI VALUES(N'TB053',N'QUẠT',N'P008',N'TỐT')
INSERT INTO TB_THIET_BI VALUES(N'TB054',N'QUẠT',N'P008',N'TỐT')
INSERT INTO TB_THIET_BI VALUES(N'TB055',N'GIƯỜNG',N'P008',N'TỐT')
INSERT INTO TB_THIET_BI VALUES(N'TB056',N'GIƯỜNG',N'P008',N'TỐT')
INSERT INTO TB_THIET_BI VALUES(N'TB057',N'GIƯỜNG',N'P008',N'TỐT')
INSERT INTO TB_THIET_BI VALUES(N'TB058',N'GIƯỜNG',N'P008',N'TỐT')
INSERT INTO TB_THIET_BI VALUES(N'TB059',N'GIƯỜNG',N'P008',N'TỐT')
INSERT INTO TB_THIET_BI VALUES(N'TB060',N'ĐÈN',N'P008',N'TỐT')
INSERT INTO TB_THIET_BI VALUES(N'TB061',N'ĐÈN',N'P008',N'TỐT')

INSERT INTO TB_THIET_BI VALUES(N'TB062',N'QUẠT',N'P009',N'TỐT')
INSERT INTO TB_THIET_BI VALUES(N'TB063',N'QUẠT',N'P009',N'TỐT')
INSERT INTO TB_THIET_BI VALUES(N'TB064',N'GIƯỜNG',N'P009',N'TỐT')
INSERT INTO TB_THIET_BI VALUES(N'TB065',N'GIƯỜNG',N'P009',N'TỐT')
INSERT INTO TB_THIET_BI VALUES(N'TB066',N'GIƯỜNG',N'P009',N'TỐT')
INSERT INTO TB_THIET_BI VALUES(N'TB067',N'ĐÈN',N'P009',N'TỐT')
INSERT INTO TB_THIET_BI VALUES(N'TB068',N'ĐÈN',N'P009',N'TỐT')

INSERT INTO TB_THIET_BI VALUES(N'TB069',N'QUẠT',N'P010',N'TỐT')
INSERT INTO TB_THIET_BI VALUES(N'TB070',N'QUẠT',N'P010',N'TỐT')
INSERT INTO TB_THIET_BI VALUES(N'TB071',N'GIƯỜNG',N'P010',N'TỐT')
INSERT INTO TB_THIET_BI VALUES(N'TB072',N'GIƯỜNG',N'P010',N'TỐT')
INSERT INTO TB_THIET_BI VALUES(N'TB073',N'GIƯỜNG',N'P010',N'TỐT')
INSERT INTO TB_THIET_BI VALUES(N'TB074',N'ĐÈN',N'P010',N'TỐT')
INSERT INTO TB_THIET_BI VALUES(N'TB075',N'ĐÈN',N'P010',N'TỐT')

INSERT INTO TB_THIET_BI VALUES(N'TB076',N'QUẠT',N'P011',N'TỐT')
INSERT INTO TB_THIET_BI VALUES(N'TB077',N'QUẠT',N'P011',N'TỐT')
INSERT INTO TB_THIET_BI VALUES(N'TB078',N'GIƯỜNG',N'P011',N'TỐT')
INSERT INTO TB_THIET_BI VALUES(N'TB079',N'GIƯỜNG',N'P011',N'TỐT')
INSERT INTO TB_THIET_BI VALUES(N'TB080',N'GIƯỜNG',N'P011',N'TỐT')
INSERT INTO TB_THIET_BI VALUES(N'TB081',N'ĐÈN',N'P011',N'TỐT')
INSERT INTO TB_THIET_BI VALUES(N'TB082',N'ĐÈN',N'P011',N'TỐT')

INSERT INTO TB_THIET_BI VALUES(N'TB083',N'QUẠT',N'P012',N'TỐT')
INSERT INTO TB_THIET_BI VALUES(N'TB084',N'QUẠT',N'P012',N'TỐT')
INSERT INTO TB_THIET_BI VALUES(N'TB085',N'GIƯỜNG',N'P012',N'TỐT')
INSERT INTO TB_THIET_BI VALUES(N'TB086',N'GIƯỜNG',N'P012',N'TỐT')
INSERT INTO TB_THIET_BI VALUES(N'TB087',N'GIƯỜNG',N'P012',N'TỐT')
INSERT INTO TB_THIET_BI VALUES(N'TB088',N'GIƯỜNG',N'P012',N'TỐT')
INSERT INTO TB_THIET_BI VALUES(N'TB089',N'ĐÈN',N'P012',N'TỐT')
INSERT INTO TB_THIET_BI VALUES(N'TB090',N'ĐÈN',N'P012',N'TỐT')

INSERT INTO TB_THIET_BI VALUES(N'TB091',N'QUẠT',N'P013',N'TỐT')
INSERT INTO TB_THIET_BI VALUES(N'TB092',N'QUẠT',N'P013',N'TỐT')
INSERT INTO TB_THIET_BI VALUES(N'TB093',N'GIƯỜNG',N'P013',N'TỐT')
INSERT INTO TB_THIET_BI VALUES(N'TB094',N'GIƯỜNG',N'P013',N'TỐT')
INSERT INTO TB_THIET_BI VALUES(N'TB095',N'GIƯỜNG',N'P013',N'TỐT')
INSERT INTO TB_THIET_BI VALUES(N'TB096',N'GIƯỜNG',N'P013',N'TỐT')
INSERT INTO TB_THIET_BI VALUES(N'TB097',N'GIƯỜNG',N'P013',N'TỐT')
INSERT INTO TB_THIET_BI VALUES(N'TB098',N'ĐÈN',N'P013',N'TỐT')
INSERT INTO TB_THIET_BI VALUES(N'TB099',N'ĐÈN',N'P013',N'TỐT')

INSERT INTO TB_THIET_BI VALUES(N'TB100',N'QUẠT',N'P014',N'TỐT')
INSERT INTO TB_THIET_BI VALUES(N'TB101',N'QUẠT',N'P014',N'TỐT')
INSERT INTO TB_THIET_BI VALUES(N'TB102',N'GIƯỜNG',N'P014',N'TỐT')
INSERT INTO TB_THIET_BI VALUES(N'TB103',N'GIƯỜNG',N'P014',N'TỐT')
INSERT INTO TB_THIET_BI VALUES(N'TB104',N'GIƯỜNG',N'P014',N'TỐT')
INSERT INTO TB_THIET_BI VALUES(N'TB105',N'ĐÈN',N'P014',N'TỐT')
INSERT INTO TB_THIET_BI VALUES(N'TB106',N'ĐÈN',N'P014',N'TỐT')

INSERT INTO TB_THIET_BI VALUES(N'TB107',N'QUẠT',N'P015',N'TỐT')
INSERT INTO TB_THIET_BI VALUES(N'TB108',N'QUẠT',N'P015',N'TỐT')
INSERT INTO TB_THIET_BI VALUES(N'TB109',N'GIƯỜNG',N'P015',N'TỐT')
INSERT INTO TB_THIET_BI VALUES(N'TB110',N'GIƯỜNG',N'P015',N'TỐT')
INSERT INTO TB_THIET_BI VALUES(N'TB111',N'GIƯỜNG',N'P015',N'TỐT')
INSERT INTO TB_THIET_BI VALUES(N'TB112',N'ĐÈN',N'P015',N'TỐT')
INSERT INTO TB_THIET_BI VALUES(N'TB113',N'ĐÈN',N'P015',N'TỐT')

INSERT INTO TB_THIET_BI VALUES(N'TB114',N'QUẠT',N'P016',N'TỐT')
INSERT INTO TB_THIET_BI VALUES(N'TB115',N'QUẠT',N'P016',N'TỐT')
INSERT INTO TB_THIET_BI VALUES(N'TB116',N'GIƯỜNG',N'P016',N'TỐT')
INSERT INTO TB_THIET_BI VALUES(N'TB117',N'GIƯỜNG',N'P016',N'TỐT')
INSERT INTO TB_THIET_BI VALUES(N'TB118',N'GIƯỜNG',N'P016',N'TỐT')
INSERT INTO TB_THIET_BI VALUES(N'TB119',N'ĐÈN',N'P016',N'TỐT')
INSERT INTO TB_THIET_BI VALUES(N'TB120',N'ĐÈN',N'P016',N'TỐT')

INSERT INTO TB_THIET_BI VALUES(N'TB121',N'QUẠT',N'P017',N'TỐT')
INSERT INTO TB_THIET_BI VALUES(N'TB122',N'QUẠT',N'P017',N'TỐT')
INSERT INTO TB_THIET_BI VALUES(N'TB123',N'GIƯỜNG',N'P017',N'TỐT')
INSERT INTO TB_THIET_BI VALUES(N'TB124',N'GIƯỜNG',N'P017',N'TỐT')
INSERT INTO TB_THIET_BI VALUES(N'TB125',N'GIƯỜNG',N'P017',N'TỐT')
INSERT INTO TB_THIET_BI VALUES(N'TB126',N'GIƯỜNG',N'P017',N'TỐT')
INSERT INTO TB_THIET_BI VALUES(N'TB127',N'ĐÈN',N'P017',N'TỐT')
INSERT INTO TB_THIET_BI VALUES(N'TB128',N'ĐÈN',N'P017',N'TỐT')

INSERT INTO TB_THIET_BI VALUES(N'TB129',N'QUẠT',N'P018',N'TỐT')
INSERT INTO TB_THIET_BI VALUES(N'TB130',N'QUẠT',N'P018',N'TỐT')
INSERT INTO TB_THIET_BI VALUES(N'TB131',N'GIƯỜNG',N'P018',N'TỐT')
INSERT INTO TB_THIET_BI VALUES(N'TB132',N'GIƯỜNG',N'P018',N'TỐT')
INSERT INTO TB_THIET_BI VALUES(N'TB133',N'GIƯỜNG',N'P018',N'TỐT')
INSERT INTO TB_THIET_BI VALUES(N'TB134',N'GIƯỜNG',N'P018',N'TỐT')
INSERT INTO TB_THIET_BI VALUES(N'TB135',N'GIƯỜNG',N'P018',N'TỐT')
INSERT INTO TB_THIET_BI VALUES(N'TB136',N'ĐÈN',N'P018',N'TỐT')
INSERT INTO TB_THIET_BI VALUES(N'TB137',N'ĐÈN',N'P018',N'TỐT')

INSERT INTO TB_THIET_BI VALUES(N'TB138',N'QUẠT',N'P019',N'TỐT')
INSERT INTO TB_THIET_BI VALUES(N'TB139',N'QUẠT',N'P019',N'TỐT')
INSERT INTO TB_THIET_BI VALUES(N'TB140',N'GIƯỜNG',N'P019',N'TỐT')
INSERT INTO TB_THIET_BI VALUES(N'TB141',N'GIƯỜNG',N'P019',N'TỐT')
INSERT INTO TB_THIET_BI VALUES(N'TB142',N'GIƯỜNG',N'P019',N'TỐT')
INSERT INTO TB_THIET_BI VALUES(N'TB143',N'ĐÈN',N'P019',N'TỐT')
INSERT INTO TB_THIET_BI VALUES(N'TB144',N'ĐÈN',N'P019',N'TỐT')

INSERT INTO TB_THIET_BI VALUES(N'TB145',N'QUẠT',N'P020',N'TỐT')
INSERT INTO TB_THIET_BI VALUES(N'TB146',N'QUẠT',N'P020',N'TỐT')
INSERT INTO TB_THIET_BI VALUES(N'TB147',N'GIƯỜNG',N'P020',N'TỐT')
INSERT INTO TB_THIET_BI VALUES(N'TB148',N'GIƯỜNG',N'P020',N'TỐT')
INSERT INTO TB_THIET_BI VALUES(N'TB149',N'GIƯỜNG',N'P020',N'TỐT')
INSERT INTO TB_THIET_BI VALUES(N'TB150',N'ĐÈN',N'P020',N'TỐT')
INSERT INTO TB_THIET_BI VALUES(N'TB160',N'ĐÈN',N'P020',N'TỐT')

INSERT INTO TB_THIET_BI VALUES(N'TB161',N'QUẠT',N'P005',N'TỐT')
INSERT INTO TB_THIET_BI VALUES(N'TB162',N'QUẠT',N'P005',N'TỐT')
INSERT INTO TB_THIET_BI VALUES(N'TB163',N'GIƯỜNG',N'P005',N'TỐT')
INSERT INTO TB_THIET_BI VALUES(N'TB164',N'GIƯỜNG',N'P005',N'TỐT')
INSERT INTO TB_THIET_BI VALUES(N'TB165',N'GIƯỜNG',N'P005',N'TỐT')
INSERT INTO TB_THIET_BI VALUES(N'TB166',N'ĐÈN',N'P005',N'TỐT')
INSERT INTO TB_THIET_BI VALUES(N'TB167',N'ĐÈN',N'P005',N'TỐT')
INSERT INTO TB_THIET_BI VALUES(N'TB168',N'NÓNG LẠNH',N'P005',N'TỐT')
INSERT INTO TB_THIET_BI VALUES(N'TB169',N'ĐIỀU HÒA',N'P005',N'TỐT')

INSERT INTO TB_THIET_BI VALUES(N'TB170',N'QUẠT',N'P021',N'TỐT')
INSERT INTO TB_THIET_BI VALUES(N'TB171',N'QUẠT',N'P021',N'TỐT')
INSERT INTO TB_THIET_BI VALUES(N'TB172',N'GIƯỜNG',N'P021',N'TỐT')
INSERT INTO TB_THIET_BI VALUES(N'TB173',N'GIƯỜNG',N'P021',N'TỐT')
INSERT INTO TB_THIET_BI VALUES(N'TB174',N'GIƯỜNG',N'P021',N'TỐT')
INSERT INTO TB_THIET_BI VALUES(N'TB175',N'ĐÈN',N'P021',N'TỐT')
INSERT INTO TB_THIET_BI VALUES(N'TB176',N'ĐÈN',N'P021',N'TỐT')
INSERT INTO TB_THIET_BI VALUES(N'TB177',N'NÓNG LẠNH',N'P021',N'TỐT')
INSERT INTO TB_THIET_BI VALUES(N'TB178',N'ĐIỀU HÒA',N'P021',N'TỐT')

INSERT INTO TB_THIET_BI VALUES(N'TB179',N'QUẠT',N'P022',N'TỐT')
INSERT INTO TB_THIET_BI VALUES(N'TB180',N'QUẠT',N'P022',N'TỐT')
INSERT INTO TB_THIET_BI VALUES(N'TB181',N'GIƯỜNG',N'P022',N'TỐT')
INSERT INTO TB_THIET_BI VALUES(N'TB182',N'GIƯỜNG',N'P022',N'TỐT')
INSERT INTO TB_THIET_BI VALUES(N'TB183',N'GIƯỜNG',N'P022',N'TỐT')
INSERT INTO TB_THIET_BI VALUES(N'TB184',N'ĐÈN',N'P022',N'TỐT')
INSERT INTO TB_THIET_BI VALUES(N'TB185',N'ĐÈN',N'P022',N'TỐT')
INSERT INTO TB_THIET_BI VALUES(N'TB186',N'NÓNG LẠNH',N'P022',N'TỐT')
INSERT INTO TB_THIET_BI VALUES(N'TB187',N'ĐIỀU HÒA',N'P022',N'TỐT')

INSERT INTO TB_THIET_BI VALUES(N'TB188',N'QUẠT',N'P023',N'TỐT')
INSERT INTO TB_THIET_BI VALUES(N'TB189',N'QUẠT',N'P023',N'TỐT')
INSERT INTO TB_THIET_BI VALUES(N'TB190',N'GIƯỜNG',N'P023',N'TỐT')
INSERT INTO TB_THIET_BI VALUES(N'TB191',N'GIƯỜNG',N'P023',N'TỐT')
INSERT INTO TB_THIET_BI VALUES(N'TB192',N'GIƯỜNG',N'P023',N'TỐT')
INSERT INTO TB_THIET_BI VALUES(N'TB193',N'ĐÈN',N'P023',N'TỐT')
INSERT INTO TB_THIET_BI VALUES(N'TB194',N'ĐÈN',N'P023',N'TỐT')
INSERT INTO TB_THIET_BI VALUES(N'TB195',N'NÓNG LẠNH',N'P023',N'TỐT')
INSERT INTO TB_THIET_BI VALUES(N'TB196',N'ĐIỀU HÒA',N'P023',N'TỐT')

INSERT INTO TB_THIET_BI VALUES(N'TB197',N'QUẠT',N'P024',N'TỐT')
INSERT INTO TB_THIET_BI VALUES(N'TB198',N'QUẠT',N'P024',N'TỐT')
INSERT INTO TB_THIET_BI VALUES(N'TB199',N'GIƯỜNG',N'P024',N'TỐT')
INSERT INTO TB_THIET_BI VALUES(N'TB200',N'GIƯỜNG',N'P024',N'TỐT')
INSERT INTO TB_THIET_BI VALUES(N'TB201',N'GIƯỜNG',N'P024',N'TỐT')
INSERT INTO TB_THIET_BI VALUES(N'TB202',N'ĐÈN',N'P024',N'TỐT')
INSERT INTO TB_THIET_BI VALUES(N'TB203',N'ĐÈN',N'P024',N'TỐT')
INSERT INTO TB_THIET_BI VALUES(N'TB204',N'NÓNG LẠNH',N'P024',N'TỐT')
INSERT INTO TB_THIET_BI VALUES(N'TB205',N'ĐIỀU HÒA',N'P024',N'TỐT')

INSERT INTO TB_THIET_BI VALUES(N'TB206',N'QUẠT',N'P026',N'TỐT')
INSERT INTO TB_THIET_BI VALUES(N'TB207',N'QUẠT',N'P026',N'TỐT')
INSERT INTO TB_THIET_BI VALUES(N'TB208',N'GIƯỜNG',N'P026',N'TỐT')
INSERT INTO TB_THIET_BI VALUES(N'TB209',N'GIƯỜNG',N'P026',N'TỐT')
INSERT INTO TB_THIET_BI VALUES(N'TB210',N'GIƯỜNG',N'P026',N'TỐT')
INSERT INTO TB_THIET_BI VALUES(N'TB211',N'ĐÈN',N'P026',N'TỐT')
INSERT INTO TB_THIET_BI VALUES(N'TB212',N'ĐÈN',N'P026',N'TỐT')

INSERT INTO TB_THIET_BI VALUES(N'TB213',N'QUẠT',N'P027',N'TỐT')
INSERT INTO TB_THIET_BI VALUES(N'TB214',N'QUẠT',N'P027',N'TỐT')
INSERT INTO TB_THIET_BI VALUES(N'TB215',N'GIƯỜNG',N'P027',N'TỐT')
INSERT INTO TB_THIET_BI VALUES(N'TB216',N'GIƯỜNG',N'P027',N'TỐT')
INSERT INTO TB_THIET_BI VALUES(N'TB217',N'GIƯỜNG',N'P027',N'TỐT')
INSERT INTO TB_THIET_BI VALUES(N'TB218',N'GIƯỜNG',N'P027',N'TỐT')
INSERT INTO TB_THIET_BI VALUES(N'TB219',N'ĐÈN',N'P027',N'TỐT')
INSERT INTO TB_THIET_BI VALUES(N'TB220',N'ĐÈN',N'P027',N'TỐT')

INSERT INTO TB_THIET_BI VALUES(N'TB221',N'QUẠT',N'P028',N'TỐT')
INSERT INTO TB_THIET_BI VALUES(N'TB222',N'QUẠT',N'P028',N'TỐT')
INSERT INTO TB_THIET_BI VALUES(N'TB223',N'GIƯỜNG',N'P028',N'TỐT')
INSERT INTO TB_THIET_BI VALUES(N'TB224',N'GIƯỜNG',N'P028',N'TỐT')
INSERT INTO TB_THIET_BI VALUES(N'TB225',N'GIƯỜNG',N'P028',N'TỐT')
INSERT INTO TB_THIET_BI VALUES(N'TB226',N'GIƯỜNG',N'P028',N'TỐT')
INSERT INTO TB_THIET_BI VALUES(N'TB227',N'GIƯỜNG',N'P028',N'TỐT')
INSERT INTO TB_THIET_BI VALUES(N'TB228',N'ĐÈN',N'P028',N'TỐT')
INSERT INTO TB_THIET_BI VALUES(N'TB229',N'ĐÈN',N'P028',N'TỐT')

INSERT INTO TB_THIET_BI VALUES(N'TB230',N'QUẠT',N'P029',N'TỐT')
INSERT INTO TB_THIET_BI VALUES(N'TB231',N'QUẠT',N'P029',N'TỐT')
INSERT INTO TB_THIET_BI VALUES(N'TB232',N'GIƯỜNG',N'P029',N'TỐT')
INSERT INTO TB_THIET_BI VALUES(N'TB233',N'GIƯỜNG',N'P029',N'TỐT')
INSERT INTO TB_THIET_BI VALUES(N'TB234',N'GIƯỜNG',N'P029',N'TỐT')
INSERT INTO TB_THIET_BI VALUES(N'TB235',N'ĐÈN',N'P029',N'TỐT')
INSERT INTO TB_THIET_BI VALUES(N'TB236',N'ĐÈN',N'P029',N'TỐT')

INSERT INTO TB_THIET_BI VALUES(N'TB237',N'QUẠT',N'P030',N'TỐT')
INSERT INTO TB_THIET_BI VALUES(N'TB238',N'QUẠT',N'P030',N'TỐT')
INSERT INTO TB_THIET_BI VALUES(N'TB239',N'GIƯỜNG',N'P030',N'TỐT')
INSERT INTO TB_THIET_BI VALUES(N'TB240',N'GIƯỜNG',N'P030',N'TỐT')
INSERT INTO TB_THIET_BI VALUES(N'TB241',N'GIƯỜNG',N'P030',N'TỐT')
INSERT INTO TB_THIET_BI VALUES(N'TB242',N'ĐÈN',N'P030',N'TỐT')
INSERT INTO TB_THIET_BI VALUES(N'TB243',N'ĐÈN',N'P030',N'TỐT')

INSERT INTO TB_THIET_BI VALUES(N'TB244',N'QUẠT',N'P031',N'TỐT')
INSERT INTO TB_THIET_BI VALUES(N'TB245',N'QUẠT',N'P031',N'TỐT')
INSERT INTO TB_THIET_BI VALUES(N'TB246',N'GIƯỜNG',N'P031',N'TỐT')
INSERT INTO TB_THIET_BI VALUES(N'TB247',N'GIƯỜNG',N'P031',N'TỐT')
INSERT INTO TB_THIET_BI VALUES(N'TB248',N'GIƯỜNG',N'P031',N'TỐT')
INSERT INTO TB_THIET_BI VALUES(N'TB249',N'ĐÈN',N'P031',N'TỐT')
INSERT INTO TB_THIET_BI VALUES(N'TB250',N'ĐÈN',N'P031',N'TỐT')

INSERT INTO TB_THIET_BI VALUES(N'TB251',N'QUẠT',N'P032',N'TỐT')
INSERT INTO TB_THIET_BI VALUES(N'TB252',N'QUẠT',N'P032',N'TỐT')
INSERT INTO TB_THIET_BI VALUES(N'TB253',N'GIƯỜNG',N'P032',N'TỐT')
INSERT INTO TB_THIET_BI VALUES(N'TB254',N'GIƯỜNG',N'P032',N'TỐT')
INSERT INTO TB_THIET_BI VALUES(N'TB255',N'GIƯỜNG',N'P032',N'TỐT')
INSERT INTO TB_THIET_BI VALUES(N'TB256',N'GIƯỜNG',N'P032',N'TỐT')
INSERT INTO TB_THIET_BI VALUES(N'TB257',N'ĐÈN',N'P032',N'TỐT')
INSERT INTO TB_THIET_BI VALUES(N'TB258',N'ĐÈN',N'P032',N'TỐT')

INSERT INTO TB_THIET_BI VALUES(N'TB259',N'QUẠT',N'P033',N'TỐT')
INSERT INTO TB_THIET_BI VALUES(N'TB260',N'QUẠT',N'P033',N'TỐT')
INSERT INTO TB_THIET_BI VALUES(N'TB261',N'GIƯỜNG',N'P033',N'TỐT')
INSERT INTO TB_THIET_BI VALUES(N'TB262',N'GIƯỜNG',N'P033',N'TỐT')
INSERT INTO TB_THIET_BI VALUES(N'TB263',N'GIƯỜNG',N'P033',N'TỐT')
INSERT INTO TB_THIET_BI VALUES(N'TB264',N'GIƯỜNG',N'P033',N'TỐT')
INSERT INTO TB_THIET_BI VALUES(N'TB265',N'GIƯỜNG',N'P033',N'TỐT')
INSERT INTO TB_THIET_BI VALUES(N'TB266',N'ĐÈN',N'P033',N'TỐT')
INSERT INTO TB_THIET_BI VALUES(N'TB267',N'ĐÈN',N'P033',N'TỐT')

INSERT INTO TB_THIET_BI VALUES(N'TB268',N'QUẠT',N'P034',N'TỐT')
INSERT INTO TB_THIET_BI VALUES(N'TB269',N'QUẠT',N'P034',N'TỐT')
INSERT INTO TB_THIET_BI VALUES(N'TB270',N'GIƯỜNG',N'P034',N'TỐT')
INSERT INTO TB_THIET_BI VALUES(N'TB271',N'GIƯỜNG',N'P034',N'TỐT')
INSERT INTO TB_THIET_BI VALUES(N'TB272',N'GIƯỜNG',N'P034',N'TỐT')
INSERT INTO TB_THIET_BI VALUES(N'TB273',N'ĐÈN',N'P034',N'TỐT')
INSERT INTO TB_THIET_BI VALUES(N'TB274',N'ĐÈN',N'P034',N'TỐT')

INSERT INTO TB_THIET_BI VALUES(N'TB275',N'QUẠT',N'P035',N'TỐT')
INSERT INTO TB_THIET_BI VALUES(N'TB276',N'QUẠT',N'P035',N'TỐT')
INSERT INTO TB_THIET_BI VALUES(N'TB277',N'GIƯỜNG',N'P035',N'TỐT')
INSERT INTO TB_THIET_BI VALUES(N'TB278',N'GIƯỜNG',N'P035',N'TỐT')
INSERT INTO TB_THIET_BI VALUES(N'TB279',N'GIƯỜNG',N'P035',N'TỐT')
INSERT INTO TB_THIET_BI VALUES(N'TB280',N'ĐÈN',N'P035',N'TỐT')
INSERT INTO TB_THIET_BI VALUES(N'TB281',N'ĐÈN',N'P035',N'TỐT')

INSERT INTO TB_THIET_BI VALUES(N'TB282',N'QUẠT',N'P036',N'TỐT')
INSERT INTO TB_THIET_BI VALUES(N'TB283',N'QUẠT',N'P036',N'TỐT')
INSERT INTO TB_THIET_BI VALUES(N'TB284',N'GIƯỜNG',N'P036',N'TỐT')
INSERT INTO TB_THIET_BI VALUES(N'TB285',N'GIƯỜNG',N'P036',N'TỐT')
INSERT INTO TB_THIET_BI VALUES(N'TB286',N'GIƯỜNG',N'P036',N'TỐT')
INSERT INTO TB_THIET_BI VALUES(N'TB287',N'ĐÈN',N'P036',N'TỐT')
INSERT INTO TB_THIET_BI VALUES(N'TB288',N'ĐÈN',N'P036',N'TỐT')

INSERT INTO TB_THIET_BI VALUES(N'TB289',N'QUẠT',N'P037',N'TỐT')
INSERT INTO TB_THIET_BI VALUES(N'TB290',N'QUẠT',N'P037',N'TỐT')
INSERT INTO TB_THIET_BI VALUES(N'TB291',N'GIƯỜNG',N'P037',N'TỐT')
INSERT INTO TB_THIET_BI VALUES(N'TB292',N'GIƯỜNG',N'P037',N'TỐT')
INSERT INTO TB_THIET_BI VALUES(N'TB293',N'GIƯỜNG',N'P037',N'TỐT')
INSERT INTO TB_THIET_BI VALUES(N'TB294',N'GIƯỜNG',N'P037',N'TỐT')
INSERT INTO TB_THIET_BI VALUES(N'TB295',N'ĐÈN',N'P037',N'TỐT')
INSERT INTO TB_THIET_BI VALUES(N'TB296',N'ĐÈN',N'P037',N'TỐT')

INSERT INTO TB_THIET_BI VALUES(N'TB297',N'QUẠT',N'P038',N'TỐT')
INSERT INTO TB_THIET_BI VALUES(N'TB298',N'QUẠT',N'P038',N'TỐT')
INSERT INTO TB_THIET_BI VALUES(N'TB299',N'GIƯỜNG',N'P038',N'TỐT')
INSERT INTO TB_THIET_BI VALUES(N'TB300',N'GIƯỜNG',N'P038',N'TỐT')
INSERT INTO TB_THIET_BI VALUES(N'TB301',N'GIƯỜNG',N'P038',N'TỐT')
INSERT INTO TB_THIET_BI VALUES(N'TB302',N'GIƯỜNG',N'P038',N'TỐT')
INSERT INTO TB_THIET_BI VALUES(N'TB303',N'GIƯỜNG',N'P038',N'TỐT')
INSERT INTO TB_THIET_BI VALUES(N'TB304',N'ĐÈN',N'P038',N'TỐT')
INSERT INTO TB_THIET_BI VALUES(N'TB305',N'ĐÈN',N'P038',N'TỐT')

INSERT INTO TB_THIET_BI VALUES(N'TB306',N'QUẠT',N'P039',N'TỐT')
INSERT INTO TB_THIET_BI VALUES(N'TB307',N'QUẠT',N'P039',N'TỐT')
INSERT INTO TB_THIET_BI VALUES(N'TB308',N'GIƯỜNG',N'P039',N'TỐT')
INSERT INTO TB_THIET_BI VALUES(N'TB309',N'GIƯỜNG',N'P039',N'TỐT')
INSERT INTO TB_THIET_BI VALUES(N'TB310',N'GIƯỜNG',N'P039',N'TỐT')
INSERT INTO TB_THIET_BI VALUES(N'TB311',N'ĐÈN',N'P039',N'TỐT')
INSERT INTO TB_THIET_BI VALUES(N'TB312',N'ĐÈN',N'P039',N'TỐT')

INSERT INTO TB_THIET_BI VALUES(N'TB313',N'QUẠT',N'P040',N'TỐT')
INSERT INTO TB_THIET_BI VALUES(N'TB314',N'QUẠT',N'P040',N'TỐT')
INSERT INTO TB_THIET_BI VALUES(N'TB315',N'GIƯỜNG',N'P040',N'TỐT')
INSERT INTO TB_THIET_BI VALUES(N'TB316',N'GIƯỜNG',N'P040',N'TỐT')
INSERT INTO TB_THIET_BI VALUES(N'TB317',N'GIƯỜNG',N'P040',N'TỐT')
INSERT INTO TB_THIET_BI VALUES(N'TB318',N'ĐÈN',N'P040',N'TỐT')
INSERT INTO TB_THIET_BI VALUES(N'TB319',N'ĐÈN',N'P040',N'TỐT')

INSERT INTO TB_THIET_BI VALUES(N'TB320',N'QUẠT',N'P025',N'TỐT')
INSERT INTO TB_THIET_BI VALUES(N'TB321',N'QUẠT',N'P025',N'TỐT')
INSERT INTO TB_THIET_BI VALUES(N'TB322',N'GIƯỜNG',N'P025',N'TỐT')
INSERT INTO TB_THIET_BI VALUES(N'TB323',N'GIƯỜNG',N'P025',N'TỐT')
INSERT INTO TB_THIET_BI VALUES(N'TB324',N'GIƯỜNG',N'P025',N'TỐT')
INSERT INTO TB_THIET_BI VALUES(N'TB325',N'ĐÈN',N'P025',N'TỐT')
INSERT INTO TB_THIET_BI VALUES(N'TB326',N'ĐÈN',N'P025',N'TỐT')
INSERT INTO TB_THIET_BI VALUES(N'TB327',N'NÓNG LẠNH',N'P025',N'TỐT')
INSERT INTO TB_THIET_BI VALUES(N'TB328',N'ĐIỀU HÒA',N'P025',N'TỐT')

INSERT INTO TB_THIET_BI VALUES(N'TB329',N'QUẠT',N'P041',N'TỐT')
INSERT INTO TB_THIET_BI VALUES(N'TB330',N'QUẠT',N'P041',N'TỐT')
INSERT INTO TB_THIET_BI VALUES(N'TB331',N'GIƯỜNG',N'P041',N'TỐT')
INSERT INTO TB_THIET_BI VALUES(N'TB332',N'GIƯỜNG',N'P041',N'TỐT')
INSERT INTO TB_THIET_BI VALUES(N'TB333',N'GIƯỜNG',N'P041',N'TỐT')
INSERT INTO TB_THIET_BI VALUES(N'TB334',N'ĐÈN',N'P041',N'TỐT')
INSERT INTO TB_THIET_BI VALUES(N'TB335',N'ĐÈN',N'P041',N'TỐT')
INSERT INTO TB_THIET_BI VALUES(N'TB336',N'NÓNG LẠNH',N'P041',N'TỐT')
INSERT INTO TB_THIET_BI VALUES(N'TB337',N'ĐIỀU HÒA',N'P041',N'TỐT')

INSERT INTO TB_THIET_BI VALUES(N'TB338',N'QUẠT',N'P042',N'TỐT')
INSERT INTO TB_THIET_BI VALUES(N'TB339',N'QUẠT',N'P042',N'TỐT')
INSERT INTO TB_THIET_BI VALUES(N'TB340',N'GIƯỜNG',N'P042',N'TỐT')
INSERT INTO TB_THIET_BI VALUES(N'TB341',N'GIƯỜNG',N'P042',N'TỐT')
INSERT INTO TB_THIET_BI VALUES(N'TB342',N'GIƯỜNG',N'P042',N'TỐT')
INSERT INTO TB_THIET_BI VALUES(N'TB343',N'ĐÈN',N'P042',N'TỐT')
INSERT INTO TB_THIET_BI VALUES(N'TB344',N'ĐÈN',N'P042',N'TỐT')
INSERT INTO TB_THIET_BI VALUES(N'TB345',N'NÓNG LẠNH',N'P042',N'TỐT')
INSERT INTO TB_THIET_BI VALUES(N'TB346',N'ĐIỀU HÒA',N'P042',N'TỐT')

INSERT INTO TB_THIET_BI VALUES(N'TB347',N'QUẠT',N'P043',N'TỐT')
INSERT INTO TB_THIET_BI VALUES(N'TB348',N'QUẠT',N'P043',N'TỐT')
INSERT INTO TB_THIET_BI VALUES(N'TB349',N'GIƯỜNG',N'P043',N'TỐT')
INSERT INTO TB_THIET_BI VALUES(N'TB350',N'GIƯỜNG',N'P043',N'TỐT')
INSERT INTO TB_THIET_BI VALUES(N'TB351',N'GIƯỜNG',N'P043',N'TỐT')
INSERT INTO TB_THIET_BI VALUES(N'TB352',N'ĐÈN',N'P043',N'TỐT')
INSERT INTO TB_THIET_BI VALUES(N'TB353',N'ĐÈN',N'P043',N'TỐT')
INSERT INTO TB_THIET_BI VALUES(N'TB354',N'NÓNG LẠNH',N'P043',N'TỐT')
INSERT INTO TB_THIET_BI VALUES(N'TB355',N'ĐIỀU HÒA',N'P043',N'TỐT')

INSERT INTO TB_THIET_BI VALUES(N'TB356',N'QUẠT',N'P044',N'TỐT')
INSERT INTO TB_THIET_BI VALUES(N'TB357',N'QUẠT',N'P044',N'TỐT')
INSERT INTO TB_THIET_BI VALUES(N'TB358',N'GIƯỜNG',N'P044',N'TỐT')
INSERT INTO TB_THIET_BI VALUES(N'TB359',N'GIƯỜNG',N'P044',N'TỐT')
INSERT INTO TB_THIET_BI VALUES(N'TB360',N'GIƯỜNG',N'P044',N'TỐT')
INSERT INTO TB_THIET_BI VALUES(N'TB361',N'ĐÈN',N'P044',N'TỐT')
INSERT INTO TB_THIET_BI VALUES(N'TB362',N'ĐÈN',N'P044',N'TỐT')
INSERT INTO TB_THIET_BI VALUES(N'TB363',N'NÓNG LẠNH',N'P044',N'TỐT')
INSERT INTO TB_THIET_BI VALUES(N'TB364',N'ĐIỀU HÒA',N'P044',N'TỐT')

INSERT INTO TB_THIET_BI VALUES(N'TB365',N'QUẠT',N'P046',N'TỐT')
INSERT INTO TB_THIET_BI VALUES(N'TB366',N'QUẠT',N'P046',N'TỐT')
INSERT INTO TB_THIET_BI VALUES(N'TB367',N'GIƯỜNG',N'P046',N'TỐT')
INSERT INTO TB_THIET_BI VALUES(N'TB368',N'GIƯỜNG',N'P046',N'TỐT')
INSERT INTO TB_THIET_BI VALUES(N'TB369',N'GIƯỜNG',N'P046',N'TỐT')
INSERT INTO TB_THIET_BI VALUES(N'TB370',N'ĐÈN',N'P046',N'TỐT')
INSERT INTO TB_THIET_BI VALUES(N'TB371',N'ĐÈN',N'P046',N'TỐT')

INSERT INTO TB_THIET_BI VALUES(N'TB372',N'QUẠT',N'P047',N'TỐT')
INSERT INTO TB_THIET_BI VALUES(N'TB373',N'QUẠT',N'P047',N'TỐT')
INSERT INTO TB_THIET_BI VALUES(N'TB374',N'GIƯỜNG',N'P047',N'TỐT')
INSERT INTO TB_THIET_BI VALUES(N'TB375',N'GIƯỜNG',N'P047',N'TỐT')
INSERT INTO TB_THIET_BI VALUES(N'TB376',N'GIƯỜNG',N'P047',N'TỐT')
INSERT INTO TB_THIET_BI VALUES(N'TB377',N'GIƯỜNG',N'P047',N'TỐT')
INSERT INTO TB_THIET_BI VALUES(N'TB378',N'ĐÈN',N'P047',N'TỐT')
INSERT INTO TB_THIET_BI VALUES(N'TB379',N'ĐÈN',N'P047',N'TỐT')

INSERT INTO TB_THIET_BI VALUES(N'TB380',N'QUẠT',N'P048',N'TỐT')
INSERT INTO TB_THIET_BI VALUES(N'TB381',N'QUẠT',N'P048',N'TỐT')
INSERT INTO TB_THIET_BI VALUES(N'TB382',N'GIƯỜNG',N'P048',N'TỐT')
INSERT INTO TB_THIET_BI VALUES(N'TB383',N'GIƯỜNG',N'P048',N'TỐT')
INSERT INTO TB_THIET_BI VALUES(N'TB384',N'GIƯỜNG',N'P048',N'TỐT')
INSERT INTO TB_THIET_BI VALUES(N'TB385',N'GIƯỜNG',N'P048',N'TỐT')
INSERT INTO TB_THIET_BI VALUES(N'TB386',N'GIƯỜNG',N'P048',N'TỐT')
INSERT INTO TB_THIET_BI VALUES(N'TB387',N'ĐÈN',N'P048',N'TỐT')
INSERT INTO TB_THIET_BI VALUES(N'TB388',N'ĐÈN',N'P048',N'TỐT')

INSERT INTO TB_THIET_BI VALUES(N'TB389',N'QUẠT',N'P049',N'TỐT')
INSERT INTO TB_THIET_BI VALUES(N'TB390',N'QUẠT',N'P049',N'TỐT')
INSERT INTO TB_THIET_BI VALUES(N'TB391',N'GIƯỜNG',N'P049',N'TỐT')
INSERT INTO TB_THIET_BI VALUES(N'TB392',N'GIƯỜNG',N'P049',N'TỐT')
INSERT INTO TB_THIET_BI VALUES(N'TB393',N'GIƯỜNG',N'P049',N'TỐT')
INSERT INTO TB_THIET_BI VALUES(N'TB394',N'ĐÈN',N'P049',N'TỐT')
INSERT INTO TB_THIET_BI VALUES(N'TB395',N'ĐÈN',N'P049',N'TỐT')

INSERT INTO TB_THIET_BI VALUES(N'TB396',N'QUẠT',N'P050',N'TỐT')
INSERT INTO TB_THIET_BI VALUES(N'TB397',N'QUẠT',N'P050',N'TỐT')
INSERT INTO TB_THIET_BI VALUES(N'TB398',N'GIƯỜNG',N'P050',N'TỐT')
INSERT INTO TB_THIET_BI VALUES(N'TB399',N'GIƯỜNG',N'P050',N'TỐT')
INSERT INTO TB_THIET_BI VALUES(N'TB400',N'GIƯỜNG',N'P050',N'TỐT')
INSERT INTO TB_THIET_BI VALUES(N'TB401',N'ĐÈN',N'P050',N'TỐT')
INSERT INTO TB_THIET_BI VALUES(N'TB402',N'ĐÈN',N'P050',N'TỐT')

INSERT INTO TB_THIET_BI VALUES(N'TB403',N'QUẠT',N'P051',N'TỐT')
INSERT INTO TB_THIET_BI VALUES(N'TB404',N'QUẠT',N'P051',N'TỐT')
INSERT INTO TB_THIET_BI VALUES(N'TB405',N'GIƯỜNG',N'P051',N'TỐT')
INSERT INTO TB_THIET_BI VALUES(N'TB406',N'GIƯỜNG',N'P051',N'TỐT')
INSERT INTO TB_THIET_BI VALUES(N'TB407',N'GIƯỜNG',N'P051',N'TỐT')
INSERT INTO TB_THIET_BI VALUES(N'TB408',N'ĐÈN',N'P051',N'TỐT')
INSERT INTO TB_THIET_BI VALUES(N'TB409',N'ĐÈN',N'P051',N'TỐT')

INSERT INTO TB_THIET_BI VALUES(N'TB410',N'QUẠT',N'P052',N'TỐT')
INSERT INTO TB_THIET_BI VALUES(N'TB411',N'QUẠT',N'P052',N'TỐT')
INSERT INTO TB_THIET_BI VALUES(N'TB412',N'GIƯỜNG',N'P052',N'TỐT')
INSERT INTO TB_THIET_BI VALUES(N'TB413',N'GIƯỜNG',N'P052',N'TỐT')
INSERT INTO TB_THIET_BI VALUES(N'TB414',N'GIƯỜNG',N'P052',N'TỐT')
INSERT INTO TB_THIET_BI VALUES(N'TB415',N'GIƯỜNG',N'P052',N'TỐT')
INSERT INTO TB_THIET_BI VALUES(N'TB416',N'ĐÈN',N'P052',N'TỐT')
INSERT INTO TB_THIET_BI VALUES(N'TB417',N'ĐÈN',N'P052',N'TỐT')

INSERT INTO TB_THIET_BI VALUES(N'TB418',N'QUẠT',N'P053',N'TỐT')
INSERT INTO TB_THIET_BI VALUES(N'TB419',N'QUẠT',N'P053',N'TỐT')
INSERT INTO TB_THIET_BI VALUES(N'TB420',N'GIƯỜNG',N'P053',N'TỐT')
INSERT INTO TB_THIET_BI VALUES(N'TB421',N'GIƯỜNG',N'P053',N'TỐT')
INSERT INTO TB_THIET_BI VALUES(N'TB423',N'GIƯỜNG',N'P053',N'TỐT')
INSERT INTO TB_THIET_BI VALUES(N'TB424',N'GIƯỜNG',N'P053',N'TỐT')
INSERT INTO TB_THIET_BI VALUES(N'TB425',N'GIƯỜNG',N'P053',N'TỐT')
INSERT INTO TB_THIET_BI VALUES(N'TB426',N'ĐÈN',N'P053',N'TỐT')
INSERT INTO TB_THIET_BI VALUES(N'TB427',N'ĐÈN',N'P053',N'TỐT')

INSERT INTO TB_THIET_BI VALUES(N'TB428',N'QUẠT',N'P054',N'TỐT')
INSERT INTO TB_THIET_BI VALUES(N'TB429',N'QUẠT',N'P054',N'TỐT')
INSERT INTO TB_THIET_BI VALUES(N'TB430',N'GIƯỜNG',N'P054',N'TỐT')
INSERT INTO TB_THIET_BI VALUES(N'TB431',N'GIƯỜNG',N'P054',N'TỐT')
INSERT INTO TB_THIET_BI VALUES(N'TB432',N'GIƯỜNG',N'P054',N'TỐT')
INSERT INTO TB_THIET_BI VALUES(N'TB433',N'ĐÈN',N'P054',N'TỐT')
INSERT INTO TB_THIET_BI VALUES(N'TB434',N'ĐÈN',N'P054',N'TỐT')

INSERT INTO TB_THIET_BI VALUES(N'TB435',N'QUẠT',N'P055',N'TỐT')
INSERT INTO TB_THIET_BI VALUES(N'TB436',N'QUẠT',N'P055',N'TỐT')
INSERT INTO TB_THIET_BI VALUES(N'TB437',N'GIƯỜNG',N'P055',N'TỐT')
INSERT INTO TB_THIET_BI VALUES(N'TB438',N'GIƯỜNG',N'P055',N'TỐT')
INSERT INTO TB_THIET_BI VALUES(N'TB439',N'GIƯỜNG',N'P055',N'TỐT')
INSERT INTO TB_THIET_BI VALUES(N'TB440',N'ĐÈN',N'P055',N'TỐT')
INSERT INTO TB_THIET_BI VALUES(N'TB441',N'ĐÈN',N'P055',N'TỐT')

INSERT INTO TB_THIET_BI VALUES(N'TB442',N'QUẠT',N'P056',N'TỐT')
INSERT INTO TB_THIET_BI VALUES(N'TB443',N'QUẠT',N'P056',N'TỐT')
INSERT INTO TB_THIET_BI VALUES(N'TB444',N'GIƯỜNG',N'P056',N'TỐT')
INSERT INTO TB_THIET_BI VALUES(N'TB445',N'GIƯỜNG',N'P056',N'TỐT')
INSERT INTO TB_THIET_BI VALUES(N'TB446',N'GIƯỜNG',N'P056',N'TỐT')
INSERT INTO TB_THIET_BI VALUES(N'TB447',N'ĐÈN',N'P056',N'TỐT')
INSERT INTO TB_THIET_BI VALUES(N'TB448',N'ĐÈN',N'P056',N'TỐT')

INSERT INTO TB_THIET_BI VALUES(N'TB449',N'QUẠT',N'P057',N'TỐT')
INSERT INTO TB_THIET_BI VALUES(N'TB450',N'QUẠT',N'P057',N'TỐT')
INSERT INTO TB_THIET_BI VALUES(N'TB451',N'GIƯỜNG',N'P057',N'TỐT')
INSERT INTO TB_THIET_BI VALUES(N'TB452',N'GIƯỜNG',N'P057',N'TỐT')
INSERT INTO TB_THIET_BI VALUES(N'TB453',N'GIƯỜNG',N'P057',N'TỐT')
INSERT INTO TB_THIET_BI VALUES(N'TB454',N'GIƯỜNG',N'P057',N'TỐT')
INSERT INTO TB_THIET_BI VALUES(N'TB455',N'ĐÈN',N'P057',N'TỐT')
INSERT INTO TB_THIET_BI VALUES(N'TB456',N'ĐÈN',N'P057',N'TỐT')

INSERT INTO TB_THIET_BI VALUES(N'TB457',N'QUẠT',N'P058',N'TỐT')
INSERT INTO TB_THIET_BI VALUES(N'TB458',N'QUẠT',N'P058',N'TỐT')
INSERT INTO TB_THIET_BI VALUES(N'TB459',N'GIƯỜNG',N'P058',N'TỐT')
INSERT INTO TB_THIET_BI VALUES(N'TB460',N'GIƯỜNG',N'P058',N'TỐT')
INSERT INTO TB_THIET_BI VALUES(N'TB461',N'GIƯỜNG',N'P058',N'TỐT')
INSERT INTO TB_THIET_BI VALUES(N'TB462',N'GIƯỜNG',N'P058',N'TỐT')
INSERT INTO TB_THIET_BI VALUES(N'TB463',N'GIƯỜNG',N'P058',N'TỐT')
INSERT INTO TB_THIET_BI VALUES(N'TB464',N'ĐÈN',N'P058',N'TỐT')
INSERT INTO TB_THIET_BI VALUES(N'TB465',N'ĐÈN',N'P058',N'TỐT')

INSERT INTO TB_THIET_BI VALUES(N'TB466',N'QUẠT',N'P059',N'TỐT')
INSERT INTO TB_THIET_BI VALUES(N'TB467',N'QUẠT',N'P059',N'TỐT')
INSERT INTO TB_THIET_BI VALUES(N'TB468',N'GIƯỜNG',N'P059',N'TỐT')
INSERT INTO TB_THIET_BI VALUES(N'TB469',N'GIƯỜNG',N'P059',N'TỐT')
INSERT INTO TB_THIET_BI VALUES(N'TB470',N'GIƯỜNG',N'P059',N'TỐT')
INSERT INTO TB_THIET_BI VALUES(N'TB471',N'ĐÈN',N'P059',N'TỐT')
INSERT INTO TB_THIET_BI VALUES(N'TB472',N'ĐÈN',N'P059',N'TỐT')

INSERT INTO TB_THIET_BI VALUES(N'TB473',N'QUẠT',N'P060',N'TỐT')
INSERT INTO TB_THIET_BI VALUES(N'TB474',N'QUẠT',N'P060',N'TỐT')
INSERT INTO TB_THIET_BI VALUES(N'TB475',N'GIƯỜNG',N'P060',N'TỐT')
INSERT INTO TB_THIET_BI VALUES(N'TB476',N'GIƯỜNG',N'P060',N'TỐT')
INSERT INTO TB_THIET_BI VALUES(N'TB477',N'GIƯỜNG',N'P060',N'TỐT')
INSERT INTO TB_THIET_BI VALUES(N'TB478',N'ĐÈN',N'P060',N'TỐT')
INSERT INTO TB_THIET_BI VALUES(N'TB479',N'ĐÈN',N'P060',N'TỐT')

INSERT INTO TB_THIET_BI VALUES(N'TB480',N'QUẠT',N'P045',N'TỐT')
INSERT INTO TB_THIET_BI VALUES(N'TB481',N'QUẠT',N'P045',N'TỐT')
INSERT INTO TB_THIET_BI VALUES(N'TB482',N'GIƯỜNG',N'P045',N'TỐT')
INSERT INTO TB_THIET_BI VALUES(N'TB483',N'GIƯỜNG',N'P045',N'TỐT')
INSERT INTO TB_THIET_BI VALUES(N'TB484',N'GIƯỜNG',N'P045',N'TỐT')
INSERT INTO TB_THIET_BI VALUES(N'TB485',N'ĐÈN',N'P045',N'TỐT')
INSERT INTO TB_THIET_BI VALUES(N'TB486',N'ĐÈN',N'P045',N'TỐT')
INSERT INTO TB_THIET_BI VALUES(N'TB487',N'NÓNG LẠNH',N'P045',N'TỐT')
INSERT INTO TB_THIET_BI VALUES(N'TB488',N'ĐIỀU HÒA',N'P045',N'TỐT')

--Chèn dữ liệu vào bảng nhân viên
INSERT INTO TB_NHANVIEN VALUES(N'NV0001', N'Nguyễn Đức Hùng', '1976-07-15',  N'Nghệ An',N'Nam', N'0386688123', 8000000, N'Quản lý')
INSERT INTO TB_NHANVIEN VALUES(N'NV0002', N'Nguyễn Văn Sang','1982-04-23', N'Long An',N'Nam', N'01666878854', 8000000, N'Quản lý')
INSERT INTO TB_NHANVIEN VALUES(N'NV0003', N'Bùi Văn Hoàng','1978-06-24', N'Hà Nội',N'Nam', N'0366878852', 8000000, N'Quản lý')
INSERT INTO TB_NHANVIEN VALUES(N'NV0004', N'Nguyễn Thị Thảo','1990-06-26', N'Lai Châu',N'Nữ', N'0386688123', 8000000, N'Quản lý')
INSERT INTO TB_NHANVIEN VALUES(N'NV0005', N'Phạm Ngọc Đức','1994-06-12', N'Thái Nguyên',N'Nam', N'0366878852', 8000000, N'Quản lý')
INSERT INTO TB_NHANVIEN VALUES(N'NV0006', N'Nguyễn Trung An','1982-09-23', N'Hà Nội',N'Nam', N'0366878852', 7500000, N'Thu Ngân')
INSERT INTO TB_NHANVIEN VALUES(N'NV0007', N'Nguyễn Thị Hòa', '1998-04-23',N'Bình Dương',N'Nữ', N'0386688123', 7500000, N'Thu Ngân')
INSERT INTO TB_NHANVIEN VALUES(N'NV0008', N'Đoàn Nguyên Vũ','1978-02-25', N'Đà Lạt',N'Nam', N'0366878852', 7500000, N'Thu Ngân')
INSERT INTO TB_NHANVIEN VALUES(N'NV0009', N'Nguyễn Hải Tiến','1976-01-14', N'Sapa',N'Nam', N'0366878852', 7500000, N'Thu Ngân')
INSERT INTO TB_NHANVIEN VALUES(N'NV0010', N'Nguyễn Thu Hiền','1993-06-11', N'Lào Cai',N'Nữ', N'0386688123', 7500000, N'Thu Ngân')
INSERT INTO TB_NHANVIEN VALUES(N'NV0011', N'Vương Phương Thảo', '1999-08-12',N'Điên Biên',N'Nữ', N'01666878854', 7000000, N'Bảo Vệ')
INSERT INTO TB_NHANVIEN VALUES(N'NV0012', N'Nguyễn Trung Hải', '1987-09-15',N'Hồ Chí Minh',N'Nam', N'0386688123', 7000000, N'Bảo Vệ')
INSERT INTO TB_NHANVIEN VALUES(N'NV0013', N'Lê Thị Hòa','1990-03-23', N'Thái Nguyên',N'Nữ', N'01666878854', 7000000, N'Bảo Vệ')
INSERT INTO TB_NHANVIEN VALUES(N'NV0014', N'Bùi Ngọc Dũng','1989-03-26', N'Bắc Cạn',N'Nam', N'0386688123', 7000000, N'Bảo Vệ')
INSERT INTO TB_NHANVIEN VALUES(N'NV0015', N'Nguyễn Thu Thủy','1976-10-29', N'Hà Giang',N'Nữ', N'0386688123', 7000000, N'Bảo Vệ')
INSERT INTO TB_NHANVIEN VALUES(N'NV0016', N'Lê Hồng Ngọc','1976-11-30', N'Cao Bằng',N'Nữ', N'0386688123', 7000000, N'Bảo Vệ')
INSERT INTO TB_NHANVIEN VALUES(N'NV0017', N'Vũ Phương Nga','1976-12-24', N'Lai Châu',N'Nữ', N'01666878854', 7000000, N'Bảo Vệ')
INSERT INTO TB_NHANVIEN VALUES(N'NV0018', N'Nguyễn Ngọc Hoàng','1976-5-29', N'Sơn La',N'Nam', N'0366878852', 7000000, N'Bảo Vệ')
INSERT INTO TB_NHANVIEN VALUES(N'NV0019', N'Hoàng Đức Thắng','1978-10-17', N'Lai Châu',N'Nam', N'0386688123', 7000000, N'Bảo Vệ')
INSERT INTO TB_NHANVIEN VALUES(N'NV0020', N'Hoàng Thị Hải Yến','1979-06-18', N'Hà Nội',N'Nữ', N'01666878854', 7000000, N'Bảo Vệ')
INSERT INTO TB_NHANVIEN VALUES(N'NV0021', N'Nguyễn Thế Dân','1967-06-10', N'Nghệ An',N'Nam', N'0386688123', 6500000, N'Lao công')
INSERT INTO TB_NHANVIEN VALUES(N'NV0022', N'Vũ Thị Huệ','1969-08-12', N'Hà Giang',N'Nữ', N'0366878852', 6500000, N'Lao công')
INSERT INTO TB_NHANVIEN VALUES(N'NV0023', N'Phạm Văn Kiên','1968-09-18', N'Hà Nội',N'Nam', N'01666878854', 6500000, N'Lao công')
INSERT INTO TB_NHANVIEN VALUES(N'NV0024', N'Vũ Trần Long','1980-03-29', N'Cà Mau',N'Nam', N'0366878852', 6500000, N'Lao công')
INSERT INTO TB_NHANVIEN VALUES(N'NV0025', N'Phạm Thư Trang','1990-02-27', N'Hải Dương',N'Nữ', N'0366878852', 6500000, N'Lao công')
INSERT INTO TB_NHANVIEN VALUES(N'NV0026', N'Nguyễn Hải Tiền','1979-07-20', N'Thanh Hóa',N'Nam', N'01666878854', 6500000, N'Lao công')
INSERT INTO TB_NHANVIEN VALUES(N'NV0027', N'Nguyễn Như Quỳnh','1978-09-12', N'Hà Nội',N'Nữ', N'0386688123', 6500000, N'Lao công')
INSERT INTO TB_NHANVIEN VALUES(N'NV0028', N'Hoàng Mai Thúy','1976-10-23', N'Cao Bằng',N'Nữ', N'0366878852', 6500000, N'Lao công')
INSERT INTO TB_NHANVIEN VALUES(N'NV0029', N'Hà Thu Hương','1976-11-14', N'Sơn La',N'Nữ', N'0366878852', 6500000, N'Lao công')
INSERT INTO TB_NHANVIEN VALUES(N'NV0030', N'Hoàng Ngọc Thu Thủy','1978-06-17', N'Hà Nội',N'Nữ', N'0386688123', 6500000, N'Lao công')

go
--CHÈN BANG TAI KHOAN
INSERT INTO TB_TAI_KHOAN VALUES(N'TK01',N'hungNV0001@em.utc.edu.vn',N'gdyb21LQTcIANtvYMT7QVQ==',N'NV0001')
INSERT INTO TB_TAI_KHOAN VALUES(N'TK02',N'sangNV0002@em.utc.edu.vn',N'gdyb21LQTcIANtvYMT7QVQ==',N'NV0002')
INSERT INTO TB_TAI_KHOAN VALUES(N'TK03',N'hoangNV0003@em.utc.edu.vn',N'gdyb21LQTcIANtvYMT7QVQ==',N'NV0003')
INSERT INTO TB_TAI_KHOAN VALUES(N'TK04',N'thaoNV0004@em.utc.edu.vn',N'gdyb21LQTcIANtvYMT7QVQ==',N'NV0004')
INSERT INTO TB_TAI_KHOAN VALUES(N'TK05',N'ducNV0005@em.utc.edu.vn',N'gdyb21LQTcIANtvYMT7QVQ==',N'NV0005')



GO
-- chèn bảng Khoa
insert into TB_KHOA values(N'K000001',N' CNTT') ;
insert into TB_KHOA values(N'K000002',N' KTVT') ;
insert into TB_KHOA values(N'K000003',N' CK') ;
-- chèn bảng lớp
insert into TB_LOP values(N'L000001',N' CNTT1', N'K000001') ;
insert into TB_LOP values(N'L000002',N' CNTT2', N'K000001') ;
insert into TB_LOP values(N'L000003',N' CNTT3', N'K000001') ;
insert into TB_LOP values(N'L000004',N' CNTT4', N'K000001') ;
insert into TB_LOP values(N'L000005',N' CNTT5', N'K000001') ;
insert into TB_LOP values(N'L000006',N' CNTT6', N'K000001') ;
insert into TB_LOP values(N'L000007',N' KTVT1',N'K000002') ;
insert into TB_LOP values(N'L000008',N' KTVT2',N'K000002') ;
insert into TB_LOP values(N'L000009',N' KTVT3',N'K000002') ;
insert into TB_LOP values(N'L000010',N' KTVT4',N'K000002') ;
insert into TB_LOP values(N'L000011',N' KTVT5',N'K000002') ;
insert into TB_LOP values(N'L000012',N' KTVT6',N'K000002') ;
insert into TB_LOP values(N'L000013',N' KTVT7',N'K000002') ;
insert into TB_LOP values(N'L000014',N' CK1',N'K000003') ;
insert into TB_LOP values(N'L000015',N' CK2',N'K000003') ;
insert into TB_LOP values(N'L000016',N' CK3',N'K000003') ;
insert into TB_LOP values(N'L000017',N' CK4',N'K000003') ;
insert into TB_LOP values(N'L000018',N' CK5',N'K000003') ;
insert into TB_LOP values(N'L000019',N' CK6',N'K000003') ;
insert into TB_LOP values(N'L000020',N' CK7',N'K000003') ;


-- chèn bảng sinh viên
insert into TB_SINHVIEN values(N'SV0001', N'Nguyễn Thành Đô', N'0366878852','2001/10/20', N' Thái Nguyên', N'Nam', N'L000010')
insert into TB_SINHVIEN values(N'SV0002', N'Hoàng Vũ Thanh Thủy', N'0366878852','2001/01/20', N' Quảng Bình', N'Nữ', N'L000010')
insert into TB_SINHVIEN values(N'SV0003', N'Dương Xuân Tùng', N'0978054817','2002/12/20', N'Nam Định', N'Nữ', N'L000019')
insert into TB_SINHVIEN values(N'SV0004', N'Chu Xuân Linh', N'0978021816','2001/10/20', N' Quảng Bình', N'Nam', N'L000012')
insert into TB_SINHVIEN values(N'SV0005', N'Chu Xuân Linh', N'0366878852','2001/10/10', N'Hà Nam', N'Nữ', N'L000010')
insert into TB_SINHVIEN values(N'SV0006', N'Lê Hoàng Sơn', N'0978021816','2001/10/10', N'Nam Định', N'Nam', N'L000019')
insert into TB_SINHVIEN values(N'SV0007', N'Dương Xuân Tùng', N'0978021816','2002/12/20', N' Hà Nội', N'Nữ', N'L000015')
insert into TB_SINHVIEN values(N'SV0008', N'Chu Xuân Linh', N'0978021816','2002/11/20', N'Bắc Giang', N'Nam', N'L000005')
insert into TB_SINHVIEN values(N'SV0009', N'Nguyễn Thành Đô', N'0978054817','2002/11/20', N'Nam Định', N'Nữ', N'L000016')
insert into TB_SINHVIEN values(N'SV0010', N'Nguyễn Thành Đô', N'01666878854','2001/01/20', N'Hải Dương', N'Nữ', N'L000010')
insert into TB_SINHVIEN values(N'SV0011', N'Trần Văn Cương', N'0978054817','2002/12/20', N' Quảng Bình', N'Nữ', N'L000007')
insert into TB_SINHVIEN values(N'SV0012', N'Trần Văn Cương', N'01666878854','2002/12/20', N' Quảng Bình', N'Nam', N'L000003')
insert into TB_SINHVIEN values(N'SV0013', N'Mai Hoàng Nam', N'0978021816','2002/12/20', N'Hà Nam', N'Nam', N'L000008')
insert into TB_SINHVIEN values(N'SV0014', N'Chu Xuân Linh', N'01666878854','2002/11/20', N' Thái Nguyên', N'Nữ', N'L000019')
insert into TB_SINHVIEN values(N'SV0015', N'Dương Xuân Tùng', N'0978021816','2002/12/20', N'Hà Nam', N'Nam', N'L000018')
insert into TB_SINHVIEN values(N'SV0016', N'Trần Văn Cương', N'0978054817','2002/12/20', N' Quảng Bình', N'Nam', N'L000009')
insert into TB_SINHVIEN values(N'SV0017', N'Trần Văn Cương', N'0978021816','2001/10/20', N' Thái Nguyên', N'Nam', N'L000013')
insert into TB_SINHVIEN values(N'SV0018', N'Nguyễn Văn Đồng', N'0978021816','2001/10/10', N'Hải Phòng', N'Nam', N'L000003')
insert into TB_SINHVIEN values(N'SV0019', N'Nguyễn Văn Đồng', N'0978021816','2001/10/20', N'Nam Định', N'Nam', N'L000019')
insert into TB_SINHVIEN values(N'SV0020', N'Nguyễn Thanh Tùng', N'01666878854','2002/12/20', N' Quảng Bình', N'Nữ', N'L000009')
insert into TB_SINHVIEN values(N'SV0021', N'Lê Hoàng Sơn', N'0366878852','2001/10/20', N'Hải Phòng', N'Nam', N'L000018')
insert into TB_SINHVIEN values(N'SV0022', N'Mai Hoàng Nam', N'01666878854','2001/10/20', N'Hải Dương', N'Nam', N'L000020')
insert into TB_SINHVIEN values(N'SV0023', N'Ngô Doãn Tình', N'0366878852','2001/10/10', N' Hà Nội', N'Nữ', N'L000001')
insert into TB_SINHVIEN values(N'SV0024', N'Mai Hoàng Nam', N'0366878852','2001/01/20', N'Hà Nam', N'Nữ', N'L000013')
insert into TB_SINHVIEN values(N'SV0025', N'Lê Hoàng Sơn', N'01666878854','2002/12/20', N'Quảng Ninh', N'Nữ', N'L000003')
insert into TB_SINHVIEN values(N'SV0026', N'Nguyễn Văn Đồng', N'0978021816','2001/10/20', N'Hà Nam', N'Nam', N'L000004')
insert into TB_SINHVIEN values(N'SV0027', N'Nguyễn Thành Đô', N'0366878852','2002/11/20', N'Quảng Ninh', N'Nữ', N'L000012')
insert into TB_SINHVIEN values(N'SV0028', N'Hoàng Vũ Thanh Thủy', N'0366878852','2002/12/20', N' Quảng Bình', N'Nam', N'L000015')
insert into TB_SINHVIEN values(N'SV0029', N'Dương Xuân Tùng', N'0978054817','2002/12/20', N' Thái Nguyên', N'Nữ', N'L000014')
insert into TB_SINHVIEN values(N'SV0030', N'Hoàng Vũ Thanh Thủy', N'0366878852','2001/10/10', N'Quảng Nam', N'Nữ', N'L000009')
insert into TB_SINHVIEN values(N'SV0031', N'Nguyễn Thanh Tùng', N'0978054817','2002/11/20', N' Quảng Bình', N'Nữ', N'L000019')
insert into TB_SINHVIEN values(N'SV0032', N'Nguyễn Văn Đồng', N'0366878852','2002/11/20', N'Hải Dương', N'Nam', N'L000010')
insert into TB_SINHVIEN values(N'SV0033', N'Ngô Doãn Tình', N'01666878854','2001/01/20', N'Hà Nam', N'Nam', N'L000010')
insert into TB_SINHVIEN values(N'SV0034', N'Nguyễn Thành Đô', N'01666878854','2001/10/10', N' Quảng Bình', N'Nam', N'L000014')
insert into TB_SINHVIEN values(N'SV0035', N'Dương Xuân Tùng', N'0978054817','2001/01/20', N' Quảng Bình', N'Nam', N'L000006')
insert into TB_SINHVIEN values(N'SV0036', N'Chu Xuân Linh', N'0978054817','2002/12/20', N'Hà Nam', N'Nữ', N'L000007')
insert into TB_SINHVIEN values(N'SV0037', N'Trần Văn Cương', N'0978054817','2001/10/20', N' Quảng Bình', N'Nam', N'L000012')
insert into TB_SINHVIEN values(N'SV0038', N'Ngô Doãn Tình', N'0978054817','2001/10/20', N'Nam Định', N'Nữ', N'L000007')
insert into TB_SINHVIEN values(N'SV0039', N'Trần Văn Cương', N'0978054817','2001/01/20', N'Hà Nam', N'Nam', N'L000019')
insert into TB_SINHVIEN values(N'SV0040', N'Ngô Doãn Tình', N'0978054817','2001/10/10', N'Hải Phòng', N'Nữ', N'L000012')
insert into TB_SINHVIEN values(N'SV0041', N'Nguyễn Thanh Tùng', N'0978021816','2001/10/10', N'Hà Nam', N'Nam', N'L000019')
insert into TB_SINHVIEN values(N'SV0042', N'Mai Hoàng Nam', N'01666878854','2001/10/20', N'Bắc Giang', N'Nam', N'L000017')
insert into TB_SINHVIEN values(N'SV0043', N'Dương Xuân Tùng', N'01666878854','2001/10/20', N' Quảng Bình', N'Nam', N'L000004')
insert into TB_SINHVIEN values(N'SV0044', N'Phạm Tuấn Tú', N'0366878852','2001/10/20', N'Hải Phòng', N'Nữ', N'L000006')
insert into TB_SINHVIEN values(N'SV0045', N'Mai Hoàng Nam', N'01666878854','2001/10/20', N'Quảng Nam', N'Nữ', N'L000008')
insert into TB_SINHVIEN values(N'SV0046', N'Nguyễn Thanh Tùng', N'0366878852','2001/01/20', N'Bắc Giang', N'Nữ', N'L000001')
insert into TB_SINHVIEN values(N'SV0047', N'Phạm Tuấn Tú', N'0978054817','2001/01/20', N'Nam Định', N'Nữ', N'L000003')
insert into TB_SINHVIEN values(N'SV0048', N'Dương Xuân Tùng', N'0978054817','2001/10/20', N'Hà Nam', N'Nam', N'L000002')
insert into TB_SINHVIEN values(N'SV0049', N'Nguyễn Thành Đô', N'01666878854','2002/12/20', N'Hà Nam', N'Nữ', N'L000004')
insert into TB_SINHVIEN values(N'SV0050', N'Nguyễn Văn Đồng', N'0366878852','2001/01/20', N' Thái Nguyên', N'Nam', N'L000001')
insert into TB_SINHVIEN values(N'SV0051', N'Dương Xuân Tùng', N'0978054817','2001/01/20', N'Bắc Giang', N'Nam', N'L000018')
insert into TB_SINHVIEN values(N'SV0052', N'Hoàng Vũ Thanh Thủy', N'0978054817','2001/01/20', N'Nam Định', N'Nam', N'L000012')
insert into TB_SINHVIEN values(N'SV0053', N'Ngô Doãn Tình', N'0978054817','2001/01/20', N' Hà Nội', N'Nữ', N'L000010')
insert into TB_SINHVIEN values(N'SV0054', N'Phạm Tuấn Tú', N'01666878854','2001/10/10', N' Hà Nội', N'Nữ', N'L000005')
insert into TB_SINHVIEN values(N'SV0055', N'Ngô Doãn Tình', N'0978054817','2001/01/20', N'Hải Dương', N'Nam', N'L000014')
insert into TB_SINHVIEN values(N'SV0056', N'Nguyễn Thành Đô', N'0366878852','2001/10/10', N'Nam Định', N'Nữ', N'L000021')
insert into TB_SINHVIEN values(N'SV0057', N'Phạm Tuấn Tú', N'0978021816','2001/01/20', N' Quảng Bình', N'Nữ', N'L000017')
insert into TB_SINHVIEN values(N'SV0058', N'Nguyễn Văn Đồng', N'01666878854','2001/10/10', N'Hà Nam', N'Nam', N'L000014')
insert into TB_SINHVIEN values(N'SV0059', N'Mai Hoàng Nam', N'0366878852','2001/10/20', N'Bắc Giang', N'Nam', N'L000013')
insert into TB_SINHVIEN values(N'SV0060', N'Nguyễn Văn Đồng', N'0366878852','2002/12/20', N' Hà Nội', N'Nữ', N'L000010')
insert into TB_SINHVIEN values(N'SV0061', N'Nguyễn Thành Đô', N'0978054817','2002/11/20', N' Thái Nguyên', N'Nữ', N'L000005')
insert into TB_SINHVIEN values(N'SV0062', N'Nguyễn Thành Đô', N'0978054817','2001/10/20', N'Quảng Ninh', N'Nữ', N'L000008')
insert into TB_SINHVIEN values(N'SV0063', N'Nguyễn Thanh Tùng', N'0978021816','2001/10/10', N'Hà Nam', N'Nam', N'L000005')
insert into TB_SINHVIEN values(N'SV0064', N'Lê Hoàng Sơn', N'0978054817','2001/01/20', N'Quảng Nam', N'Nữ', N'L000010')
insert into TB_SINHVIEN values(N'SV0065', N'Nguyễn Thành Đô', N'0366878852','2002/11/20', N'Nam Định', N'Nữ', N'L000017')
insert into TB_SINHVIEN values(N'SV0066', N'Nguyễn Thành Đô', N'0978021816','2001/10/20', N' Quảng Bình', N'Nam', N'L000015')
insert into TB_SINHVIEN values(N'SV0067', N'Nguyễn Thành Đô', N'0978021816','2001/10/20', N' Hà Nội', N'Nữ', N'L000019')
insert into TB_SINHVIEN values(N'SV0068', N'Nguyễn Thành Đô', N'0978054817','2001/01/20', N' Hà Nội', N'Nữ', N'L000015')
insert into TB_SINHVIEN values(N'SV0069', N'Nguyễn Thành Đô', N'01666878854','2001/01/20', N'Hải Dương', N'Nam', N'L000012')
insert into TB_SINHVIEN values(N'SV0070', N'Nguyễn Thành Đô', N'0978054817','2001/01/20', N' Thái Nguyên', N'Nam', N'L000010')
insert into TB_SINHVIEN values(N'SV0071', N'Nguyễn Thanh Tùng', N'01666878854','2001/10/10', N'Hải Phòng', N'Nữ', N'L000017')
insert into TB_SINHVIEN values(N'SV0072', N'Phạm Tuấn Tú', N'0978054817','2001/01/20', N'Hải Phòng', N'Nữ', N'L000009')
insert into TB_SINHVIEN values(N'SV0073', N'Nguyễn Văn Đồng', N'0978021816','2002/12/20', N' Thái Nguyên', N'Nữ', N'L000020')
insert into TB_SINHVIEN values(N'SV0074', N'Trần Văn Cương', N'0978021816','2001/10/20', N'Quảng Ninh', N'Nữ', N'L000002')
insert into TB_SINHVIEN values(N'SV0075', N'Mai Hoàng Nam', N'0366878852','2002/11/20', N' Quảng Bình', N'Nam', N'L000006')
insert into TB_SINHVIEN values(N'SV0076', N'Dương Xuân Tùng', N'0978021816','2001/10/20', N' Hà Nội', N'Nữ', N'L000007')
insert into TB_SINHVIEN values(N'SV0077', N'Ngô Doãn Tình', N'0366878852','2001/01/20', N'Nam Định', N'Nữ', N'L000014')
insert into TB_SINHVIEN values(N'SV0078', N'Nguyễn Thanh Tùng', N'0978021816','2001/01/20', N'Hà Nam', N'Nữ', N'L000020')
insert into TB_SINHVIEN values(N'SV0079', N'Nguyễn Thành Đô', N'0366878852','2001/01/20', N' Quảng Bình', N'Nữ', N'L000009')
insert into TB_SINHVIEN values(N'SV0080', N'Chu Xuân Linh', N'0978054817','2002/11/20', N' Quảng Bình', N'Nam', N'L000020')
insert into TB_SINHVIEN values(N'SV0081', N'Nguyễn Thanh Tùng', N'0366878852','2001/10/10', N' Quảng Bình', N'Nam', N'L000012')
insert into TB_SINHVIEN values(N'SV0082', N'Mai Hoàng Nam', N'0978054817','2001/01/20', N'Quảng Nam', N'Nam', N'L000017')
insert into TB_SINHVIEN values(N'SV0083', N'Nguyễn Văn Đồng', N'01666878854','2001/10/10', N' Thái Nguyên', N'Nam', N'L000009')
insert into TB_SINHVIEN values(N'SV0084', N'Ngô Doãn Tình', N'0978054817','2002/11/20', N' Quảng Bình', N'Nữ', N'L000015')
insert into TB_SINHVIEN values(N'SV0085', N'Nguyễn Thanh Tùng', N'0366878852','2001/10/10', N'Hà Nam', N'Nam', N'L000014')
insert into TB_SINHVIEN values(N'SV0086', N'Lê Hoàng Sơn', N'01666878854','2001/10/20', N' Thái Nguyên', N'Nam', N'L000019')
insert into TB_SINHVIEN values(N'SV0087', N'Lê Hoàng Sơn', N'0978054817','2002/11/20', N' Quảng Bình', N'Nữ', N'L000001')
insert into TB_SINHVIEN values(N'SV0088', N'Hoàng Vũ Thanh Thủy', N'0978021816','2002/12/20', N' Thái Nguyên', N'Nữ', N'L000018')
insert into TB_SINHVIEN values(N'SV0089', N'Hoàng Vũ Thanh Thủy', N'01666878854','2001/10/10', N' Quảng Bình', N'Nữ', N'L000006')
insert into TB_SINHVIEN values(N'SV0090', N'Lê Hoàng Sơn', N'0978054817','2001/10/10', N' Hà Nội', N'Nam', N'L000004')
insert into TB_SINHVIEN values(N'SV0091', N'Ngô Doãn Tình', N'0978054817','2002/11/20', N'Hải Phòng', N'Nữ', N'L000006')
insert into TB_SINHVIEN values(N'SV0092', N'Phạm Tuấn Tú', N'01666878854','2001/10/20', N' Quảng Bình', N'Nam', N'L000010')
insert into TB_SINHVIEN values(N'SV0093', N'Lê Hoàng Sơn', N'0366878852','2001/10/20', N' Quảng Bình', N'Nam', N'L000014')
insert into TB_SINHVIEN values(N'SV0094', N'Nguyễn Văn Đồng', N'0366878852','2001/10/20', N'Hà Nam', N'Nam', N'L000010')
insert into TB_SINHVIEN values(N'SV0095', N'Chu Xuân Linh', N'0978021816','2001/01/20', N' Quảng Bình', N'Nữ', N'L000011')
insert into TB_SINHVIEN values(N'SV0096', N'Phạm Tuấn Tú', N'01666878854','2001/10/20', N'Hà Nam', N'Nữ', N'L000009')
insert into TB_SINHVIEN values(N'SV0097', N'Hoàng Vũ Thanh Thủy', N'01666878854','2002/11/20', N'Quảng Nam', N'Nam', N'L000001')
insert into TB_SINHVIEN values(N'SV0098', N'Hoàng Vũ Thanh Thủy', N'01666878854','2001/10/10', N' Quảng Bình', N'Nam', N'L000007')
insert into TB_SINHVIEN values(N'SV0099', N'Chu Xuân Linh', N'0366878852','2001/10/20', N' Hà Nội', N'Nữ', N'L000017')
insert into TB_SINHVIEN values(N'SV0100', N'Dương Xuân Tùng', N'01666878854','2001/01/20', N'Bắc Giang', N'Nữ', N'L000004')
insert into TB_SINHVIEN values(N'SV0101', N'Chu Xuân Linh', N'0366878852','2001/10/20', N' Quảng Bình', N'Nữ', N'L000003')
insert into TB_SINHVIEN values(N'SV0102', N'Mai Hoàng Nam', N'0366878852','2001/10/20', N'Quảng Ninh', N'Nam', N'L000017')
insert into TB_SINHVIEN values(N'SV0103', N'Nguyễn Thành Đô', N'0366878852','2001/01/20', N'Nam Định', N'Nữ', N'L000017')
insert into TB_SINHVIEN values(N'SV0104', N'Dương Xuân Tùng', N'0978054817','2001/10/20', N' Thái Nguyên', N'Nam', N'L000020')
insert into TB_SINHVIEN values(N'SV0105', N'Chu Xuân Linh', N'0978021816','2001/10/10', N'Quảng Ninh', N'Nam', N'L000017')
insert into TB_SINHVIEN values(N'SV0106', N'Nguyễn Thành Đô', N'01666878854','2002/11/20', N'Quảng Ninh', N'Nữ', N'L000008')
insert into TB_SINHVIEN values(N'SV0107', N'Nguyễn Thành Đô', N'0366878852','2001/01/20', N'Quảng Nam', N'Nữ', N'L000020')
insert into TB_SINHVIEN values(N'SV0108', N'Mai Hoàng Nam', N'0366878852','2001/01/20', N'Bắc Giang', N'Nữ', N'L000012')
insert into TB_SINHVIEN values(N'SV0109', N'Chu Xuân Linh', N'0366878852','2001/10/20', N'Hải Phòng', N'Nam', N'L000006')
insert into TB_SINHVIEN values(N'SV0110', N'Nguyễn Thành Đô', N'0978021816','2002/11/20', N'Quảng Ninh', N'Nữ', N'L000006')
insert into TB_SINHVIEN values(N'SV0111', N'Dương Xuân Tùng', N'0366878852','2001/01/20', N'Nam Định', N'Nữ', N'L000013')
insert into TB_SINHVIEN values(N'SV0112', N'Ngô Doãn Tình', N'0366878852','2002/12/20', N' Quảng Bình', N'Nam', N'L000011')
insert into TB_SINHVIEN values(N'SV0113', N'Nguyễn Văn Đồng', N'0978054817','2001/01/20', N' Quảng Bình', N'Nam', N'L000020')
insert into TB_SINHVIEN values(N'SV0114', N'Phạm Tuấn Tú', N'0366878852','2001/01/20', N'Quảng Nam', N'Nam', N'L000005')
insert into TB_SINHVIEN values(N'SV0115', N'Nguyễn Thanh Tùng', N'0366878852','2001/01/20', N' Thái Nguyên', N'Nam', N'L000017')
insert into TB_SINHVIEN values(N'SV0116', N'Nguyễn Thành Đô', N'0978054817','2001/01/20', N'Nam Định', N'Nam', N'L000003')
insert into TB_SINHVIEN values(N'SV0117', N'Mai Hoàng Nam', N'0366878852','2001/10/20', N'Quảng Ninh', N'Nữ', N'L000011')
insert into TB_SINHVIEN values(N'SV0118', N'Trần Văn Cương', N'01666878854','2001/10/20', N' Hà Nội', N'Nữ', N'L000016')
insert into TB_SINHVIEN values(N'SV0119', N'Chu Xuân Linh', N'0978021816','2002/11/20', N' Hà Nội', N'Nữ', N'L000007')
insert into TB_SINHVIEN values(N'SV0120', N'Ngô Doãn Tình', N'01666878854','2002/11/20', N' Quảng Bình', N'Nữ', N'L000005')
insert into TB_SINHVIEN values(N'SV0121', N'Nguyễn Thành Đô', N'0978021816','2002/11/20', N' Thái Nguyên', N'Nữ', N'L000005')
insert into TB_SINHVIEN values(N'SV0122', N'Lê Hoàng Sơn', N'01666878854','2002/11/20', N'Nam Định', N'Nam', N'L000020')
insert into TB_SINHVIEN values(N'SV0123', N'Nguyễn Thanh Tùng', N'0978054817','2002/11/20', N'Quảng Ninh', N'Nữ', N'L000007')
insert into TB_SINHVIEN values(N'SV0124', N'Mai Hoàng Nam', N'0978021816','2001/10/10', N'Hà Nam', N'Nam', N'L000013')
insert into TB_SINHVIEN values(N'SV0125', N'Dương Xuân Tùng', N'01666878854','2001/10/10', N' Quảng Bình', N'Nữ', N'L000002')
insert into TB_SINHVIEN values(N'SV0126', N'Dương Xuân Tùng', N'0978021816','2001/10/20', N' Thái Nguyên', N'Nam', N'L000009')
insert into TB_SINHVIEN values(N'SV0127', N'Nguyễn Văn Đồng', N'01666878854','2001/01/20', N' Quảng Bình', N'Nam', N'L000018')
insert into TB_SINHVIEN values(N'SV0128', N'Dương Xuân Tùng', N'0366878852','2001/10/10', N'Hà Nam', N'Nam', N'L000004')
insert into TB_SINHVIEN values(N'SV0129', N'Mai Hoàng Nam', N'0978021816','2001/10/20', N'Hải Phòng', N'Nữ', N'L000009')
insert into TB_SINHVIEN values(N'SV0130', N'Lê Hoàng Sơn', N'01666878854','2001/01/20', N' Thái Nguyên', N'Nam', N'L000012')
insert into TB_SINHVIEN values(N'SV0131', N'Nguyễn Thanh Tùng', N'0978021816','2002/11/20', N' Hà Nội', N'Nữ', N'L000015')
insert into TB_SINHVIEN values(N'SV0132', N'Lê Hoàng Sơn', N'0978054817','2001/01/20', N' Quảng Bình', N'Nam', N'L000009')
insert into TB_SINHVIEN values(N'SV0133', N'Nguyễn Thành Đô', N'0366878852','2001/10/10', N'Hải Dương', N'Nữ', N'L000014')
insert into TB_SINHVIEN values(N'SV0134', N'Chu Xuân Linh', N'01666878854','2001/01/20', N'Hải Dương', N'Nữ', N'L000019')
insert into TB_SINHVIEN values(N'SV0135', N'Lê Hoàng Sơn', N'01666878854','2002/11/20', N'Hải Phòng', N'Nữ', N'L000018')
insert into TB_SINHVIEN values(N'SV0136', N'Nguyễn Thành Đô', N'0978054817','2001/10/10', N' Quảng Bình', N'Nam', N'L000013')
insert into TB_SINHVIEN values(N'SV0137', N'Mai Hoàng Nam', N'01666878854','2001/10/20', N'Quảng Nam', N'Nam', N'L000019')
insert into TB_SINHVIEN values(N'SV0138', N'Nguyễn Thành Đô', N'0978054817','2002/11/20', N'Quảng Ninh', N'Nam', N'L000005')
insert into TB_SINHVIEN values(N'SV0139', N'Hoàng Vũ Thanh Thủy', N'0978021816','2001/10/10', N' Thái Nguyên', N'Nam', N'L000002')
insert into TB_SINHVIEN values(N'SV0140', N'Dương Xuân Tùng', N'0366878852','2001/10/10', N'Quảng Ninh', N'Nữ', N'L000015')
insert into TB_SINHVIEN values(N'SV0141', N'Dương Xuân Tùng', N'01666878854','2001/10/20', N' Quảng Bình', N'Nam', N'L000016')
insert into TB_SINHVIEN values(N'SV0142', N'Hoàng Vũ Thanh Thủy', N'0978054817','2002/11/20', N' Quảng Bình', N'Nam', N'L000019')
insert into TB_SINHVIEN values(N'SV0143', N'Nguyễn Văn Đồng', N'0978054817','2001/10/20', N'Nam Định', N'Nam', N'L000011')
insert into TB_SINHVIEN values(N'SV0144', N'Chu Xuân Linh', N'0978054817','2002/12/20', N'Hải Phòng', N'Nữ', N'L000001')
insert into TB_SINHVIEN values(N'SV0145', N'Dương Xuân Tùng', N'0978021816','2001/01/20', N'Quảng Nam', N'Nam', N'L000017')
insert into TB_SINHVIEN values(N'SV0146', N'Phạm Tuấn Tú', N'0366878852','2001/10/20', N'Quảng Ninh', N'Nam', N'L000019')
insert into TB_SINHVIEN values(N'SV0147', N'Mai Hoàng Nam', N'0978021816','2001/10/20', N'Hải Dương', N'Nữ', N'L000004')
insert into TB_SINHVIEN values(N'SV0148', N'Nguyễn Thành Đô', N'0978021816','2001/10/20', N' Quảng Bình', N'Nữ', N'L000008')
insert into TB_SINHVIEN values(N'SV0149', N'Chu Xuân Linh', N'0366878852','2002/12/20', N' Quảng Bình', N'Nữ', N'L000007')
insert into TB_SINHVIEN values(N'SV0150', N'Nguyễn Thanh Tùng', N'0978021816','2002/11/20', N' Quảng Bình', N'Nam', N'L000020')
insert into TB_SINHVIEN values(N'SV0151', N'Trần Văn Cương', N'0978054817','2001/01/20', N'Bắc Giang', N'Nữ', N'L000002')
insert into TB_SINHVIEN values(N'SV0152', N'Nguyễn Thành Đô', N'0366878852','2001/01/20', N' Thái Nguyên', N'Nam', N'L000004')
insert into TB_SINHVIEN values(N'SV0153', N'Nguyễn Thành Đô', N'0978021816','2002/12/20', N' Quảng Bình', N'Nam', N'L000005')
insert into TB_SINHVIEN values(N'SV0154', N'Chu Xuân Linh', N'0978054817','2002/12/20', N' Thái Nguyên', N'Nữ', N'L000010')
insert into TB_SINHVIEN values(N'SV0155', N'Dương Xuân Tùng', N'0978021816','2002/11/20', N'Nam Định', N'Nữ', N'L000015')
insert into TB_SINHVIEN values(N'SV0156', N'Nguyễn Thanh Tùng', N'0978021816','2002/11/20', N' Hà Nội', N'Nữ', N'L000010')
insert into TB_SINHVIEN values(N'SV0157', N'Chu Xuân Linh', N'0978021816','2001/01/20', N'Quảng Ninh', N'Nam', N'L000010')
insert into TB_SINHVIEN values(N'SV0158', N'Nguyễn Thanh Tùng', N'0366878852','2001/01/20', N'Hải Phòng', N'Nữ', N'L000009')
insert into TB_SINHVIEN values(N'SV0159', N'Nguyễn Thành Đô', N'0366878852','2002/12/20', N'Hải Phòng', N'Nữ', N'L000013')
insert into TB_SINHVIEN values(N'SV0160', N'Ngô Doãn Tình', N'0978054817','2001/10/10', N'Quảng Nam', N'Nữ', N'L000007')
insert into TB_SINHVIEN values(N'SV0161', N'Mai Hoàng Nam', N'0366878852','2002/12/20', N'Hải Phòng', N'Nam', N'L000002')
insert into TB_SINHVIEN values(N'SV0162', N'Trần Văn Cương', N'0978054817','2002/11/20', N' Quảng Bình', N'Nam', N'L000001')
insert into TB_SINHVIEN values(N'SV0163', N'Ngô Doãn Tình', N'0978021816','2001/01/20', N' Thái Nguyên', N'Nam', N'L000006')
insert into TB_SINHVIEN values(N'SV0164', N'Phạm Tuấn Tú', N'0978054817','2001/01/20', N'Hà Nam', N'Nữ', N'L000003')
insert into TB_SINHVIEN values(N'SV0165', N'Nguyễn Thành Đô', N'01666878854','2001/01/20', N' Hà Nội', N'Nam', N'L000005')
insert into TB_SINHVIEN values(N'SV0166', N'Chu Xuân Linh', N'01666878854','2002/11/20', N'Bắc Giang', N'Nữ', N'L000009')
insert into TB_SINHVIEN values(N'SV0167', N'Phạm Tuấn Tú', N'01666878854','2002/12/20', N'Hà Nam', N'Nữ', N'L000015')
insert into TB_SINHVIEN values(N'SV0168', N'Phạm Tuấn Tú', N'0978021816','2001/01/20', N'Hà Nam', N'Nam', N'L000009')
insert into TB_SINHVIEN values(N'SV0169', N'Lê Hoàng Sơn', N'0366878852','2001/10/10', N' Quảng Bình', N'Nam', N'L000006')
insert into TB_SINHVIEN values(N'SV0170', N'Dương Xuân Tùng', N'0978021816','2001/01/20', N'Quảng Ninh', N'Nữ', N'L000016')
insert into TB_SINHVIEN values(N'SV0171', N'Nguyễn Văn Đồng', N'0366878852','2001/01/20', N'Hà Nam', N'Nữ', N'L000012')
insert into TB_SINHVIEN values(N'SV0172', N'Phạm Tuấn Tú', N'0366878852','2001/01/20', N' Hà Nội', N'Nam', N'L000007')
insert into TB_SINHVIEN values(N'SV0173', N'Phạm Tuấn Tú', N'01666878854','2002/12/20', N'Bắc Giang', N'Nam', N'L000020')
insert into TB_SINHVIEN values(N'SV0174', N'Trần Văn Cương', N'01666878854','2001/01/20', N'Bắc Giang', N'Nữ', N'L000017')
insert into TB_SINHVIEN values(N'SV0175', N'Nguyễn Thành Đô', N'01666878854','2002/12/20', N' Quảng Bình', N'Nữ', N'L000008')
insert into TB_SINHVIEN values(N'SV0176', N'Hoàng Vũ Thanh Thủy', N'0978054817','2001/10/20', N' Thái Nguyên', N'Nam', N'L000014')
insert into TB_SINHVIEN values(N'SV0177', N'Trần Văn Cương', N'01666878854','2001/10/10', N'Hải Dương', N'Nam', N'L000019')
insert into TB_SINHVIEN values(N'SV0178', N'Chu Xuân Linh', N'01666878854','2002/11/20', N' Hà Nội', N'Nữ', N'L000016')
insert into TB_SINHVIEN values(N'SV0179', N'Ngô Doãn Tình', N'0978021816','2001/01/20', N'Quảng Nam', N'Nam', N'L000016')
insert into TB_SINHVIEN values(N'SV0180', N'Hoàng Vũ Thanh Thủy', N'0978021816','2002/11/20', N'Hải Phòng', N'Nam', N'L000010')
insert into TB_SINHVIEN values(N'SV0181', N'Phạm Tuấn Tú', N'0978054817','2001/10/20', N' Thái Nguyên', N'Nam', N'L000001')
insert into TB_SINHVIEN values(N'SV0182', N'Hoàng Vũ Thanh Thủy', N'01666878854','2001/01/20', N' Quảng Bình', N'Nam', N'L000001')
insert into TB_SINHVIEN values(N'SV0183', N'Trần Văn Cương', N'0978021816','2002/11/20', N'Bắc Giang', N'Nam', N'L000017')
insert into TB_SINHVIEN values(N'SV0184', N'Chu Xuân Linh', N'0978021816','2001/01/20', N'Hải Dương', N'Nữ', N'L000017')
insert into TB_SINHVIEN values(N'SV0185', N'Chu Xuân Linh', N'0978054817','2001/10/10', N'Quảng Ninh', N'Nam', N'L000020')
insert into TB_SINHVIEN values(N'SV0186', N'Hoàng Vũ Thanh Thủy', N'0978021816','2001/10/10', N'Quảng Nam', N'Nữ', N'L000009')
insert into TB_SINHVIEN values(N'SV0187', N'Lê Hoàng Sơn', N'0978054817','2002/11/20', N' Thái Nguyên', N'Nữ', N'L000002')
insert into TB_SINHVIEN values(N'SV0188', N'Ngô Doãn Tình', N'01666878854','2002/12/20', N'Hải Dương', N'Nữ', N'L000008')
insert into TB_SINHVIEN values(N'SV0189', N'Ngô Doãn Tình', N'0978021816','2002/12/20', N'Quảng Ninh', N'Nam', N'L000001')
insert into TB_SINHVIEN values(N'SV0190', N'Chu Xuân Linh', N'0366878852','2001/10/20', N'Quảng Nam', N'Nữ', N'L000012')
insert into TB_SINHVIEN values(N'SV0191', N'Ngô Doãn Tình', N'0366878852','2001/10/10', N' Hà Nội', N'Nữ', N'L000016')
insert into TB_SINHVIEN values(N'SV0192', N'Mai Hoàng Nam', N'01666878854','2001/10/20', N'Quảng Ninh', N'Nam', N'L000003')
insert into TB_SINHVIEN values(N'SV0193', N'Chu Xuân Linh', N'01666878854','2002/12/20', N'Nam Định', N'Nam', N'L000007')
insert into TB_SINHVIEN values(N'SV0194', N'Phạm Tuấn Tú', N'01666878854','2001/10/20', N' Quảng Bình', N'Nam', N'L000019')
insert into TB_SINHVIEN values(N'SV0195', N'Phạm Tuấn Tú', N'0978021816','2001/10/20', N' Quảng Bình', N'Nữ', N'L000015')
insert into TB_SINHVIEN values(N'SV0196', N'Nguyễn Văn Đồng', N'0978021816','2002/11/20', N' Thái Nguyên', N'Nữ', N'L000009')
insert into TB_SINHVIEN values(N'SV0197', N'Nguyễn Văn Đồng', N'0366878852','2002/11/20', N'Quảng Ninh', N'Nữ', N'L000009')
insert into TB_SINHVIEN values(N'SV0198', N'Trần Văn Cương', N'0366878852','2002/12/20', N'Bắc Giang', N'Nữ', N'L000020')
insert into TB_SINHVIEN values(N'SV0199', N'Dương Xuân Tùng', N'0366878852','2002/12/20', N' Quảng Bình', N'Nữ', N'L000012')
insert into TB_SINHVIEN values(N'SV0200', N'Lê Hoàng Sơn', N'0366878852','2001/01/20', N' Thái Nguyên', N'Nữ', N'L000007')

GO
-- chèn bảng Hợp đồng

insert into TB_HOPDONG values(N'HD0001', '2021/6/8',2, N'P001', N'NV0002', N'SV0001')
insert into TB_HOPDONG values(N'HD0002', '2021/12/18',2, N'P001', N'NV0001', N'SV0002')
insert into TB_HOPDONG values(N'HD0003', '2021/6/14',2, N'P001', N'NV0003', N'SV0003')
insert into TB_HOPDONG values(N'HD0004', '2020/11/3',3, N'P001', N'NV0003', N'SV0004')
insert into TB_HOPDONG values(N'HD0005', '2020/4/13',2, N'P001', N'NV0005', N'SV0005')
insert into TB_HOPDONG values(N'HD0006', '2020/11/7',2, N'P001', N'NV0005', N'SV0006')
insert into TB_HOPDONG values(N'HD0007', '2021/6/28',3, N'P001', N'NV0005', N'SV0007')
insert into TB_HOPDONG values(N'HD0008', '2020/3/21',3, N'P002', N'NV0001', N'SV0008')
insert into TB_HOPDONG values(N'HD0009', '2020/10/22',3, N'P002', N'NV0002', N'SV0009')
insert into TB_HOPDONG values(N'HD0010', '2020/7/9',3, N'P002', N'NV0005', N'SV0010')
insert into TB_HOPDONG values(N'HD0011', '2021/5/21',3, N'P002', N'NV0005', N'SV0011')
insert into TB_HOPDONG values(N'HD0012', '2020/11/7',3, N'P002', N'NV0001', N'SV0012')
insert into TB_HOPDONG values(N'HD0013', '2021/1/9',3, N'P002', N'NV0003', N'SV0013')
insert into TB_HOPDONG values(N'HD0014', '2021/1/14',2, N'P002', N'NV0001', N'SV0014')
insert into TB_HOPDONG values(N'HD0015', '2021/6/26',2, N'P003', N'NV0005', N'SV0015')
insert into TB_HOPDONG values(N'HD0016', '2021/5/15',3, N'P003', N'NV0005', N'SV0016')
insert into TB_HOPDONG values(N'HD0017', '2020/11/26',3, N'P003', N'NV0005', N'SV0017')
insert into TB_HOPDONG values(N'HD0018', '2020/8/24',3, N'P003', N'NV0001', N'SV0018')
insert into TB_HOPDONG values(N'HD0019', '2021/1/30',2, N'P003', N'NV0005', N'SV0019')
insert into TB_HOPDONG values(N'HD0020', '2020/9/23',3, N'P003', N'NV0003', N'SV0020')
insert into TB_HOPDONG values(N'HD0021', '2020/9/10',3, N'P003', N'NV0004', N'SV0021')
insert into TB_HOPDONG values(N'HD0022', '2020/4/5',2, N'P004', N'NV0003', N'SV0022')
insert into TB_HOPDONG values(N'HD0023', '2021/8/22',2, N'P004', N'NV0005', N'SV0023')
insert into TB_HOPDONG values(N'HD0024', '2021/12/14',2, N'P004', N'NV0002', N'SV0024')
insert into TB_HOPDONG values(N'HD0025', '2021/8/20',2, N'P004', N'NV0001', N'SV0025')
insert into TB_HOPDONG values(N'HD0026', '2020/9/22',2, N'P004', N'NV0005', N'SV0026')
insert into TB_HOPDONG values(N'HD0027', '2020/5/24',3, N'P004', N'NV0005', N'SV0027')
insert into TB_HOPDONG values(N'HD0028', '2021/10/12',2, N'P005', N'NV0005', N'SV0028')
insert into TB_HOPDONG values(N'HD0029', '2020/3/8',3, N'P005', N'NV0001', N'SV0029')
insert into TB_HOPDONG values(N'HD0030', '2020/8/30',3, N'P005', N'NV0005', N'SV0030')
insert into TB_HOPDONG values(N'HD0031', '2020/4/6',3, N'P005', N'NV0004', N'SV0031')
insert into TB_HOPDONG values(N'HD0032', '2020/1/14',3, N'P005', N'NV0005', N'SV0032')
insert into TB_HOPDONG values(N'HD0033', '2021/10/23',3, N'P005', N'NV0004', N'SV0033')
insert into TB_HOPDONG values(N'HD0034', '2021/2/18',3, N'P005', N'NV0003', N'SV0034')
insert into TB_HOPDONG values(N'HD0035', '2021/1/12',2, N'P006', N'NV0002', N'SV0035')
insert into TB_HOPDONG values(N'HD0036', '2021/8/9',3, N'P006', N'NV0003', N'SV0036')
insert into TB_HOPDONG values(N'HD0037', '2021/8/8',3, N'P006', N'NV0001', N'SV0037')
insert into TB_HOPDONG values(N'HD0038', '2021/5/1',2, N'P006', N'NV0002', N'SV0038')
insert into TB_HOPDONG values(N'HD0039', '2020/11/7',3, N'P006', N'NV0001', N'SV0039')
insert into TB_HOPDONG values(N'HD0040', '2021/9/22',3, N'P006', N'NV0005', N'SV0040')
insert into TB_HOPDONG values(N'HD0041', '2020/12/21',2, N'P006', N'NV0003', N'SV0041')
insert into TB_HOPDONG values(N'HD0042', '2021/11/25',3, N'P007', N'NV0001', N'SV0042')
insert into TB_HOPDONG values(N'HD0043', '2021/10/16',3, N'P007', N'NV0004', N'SV0043')
insert into TB_HOPDONG values(N'HD0044', '2021/1/2',2, N'P007', N'NV0005', N'SV0044')
insert into TB_HOPDONG values(N'HD0045', '2021/4/20',3, N'P007', N'NV0005', N'SV0045')
insert into TB_HOPDONG values(N'HD0046', '2021/4/14',2, N'P007', N'NV0003', N'SV0046')
insert into TB_HOPDONG values(N'HD0047', '2020/6/19',3, N'P007', N'NV0004', N'SV0047')
insert into TB_HOPDONG values(N'HD0048', '2020/3/4',3, N'P008', N'NV0001', N'SV0048')
insert into TB_HOPDONG values(N'HD0049', '2021/7/10',2, N'P008', N'NV0005', N'SV0049')
insert into TB_HOPDONG values(N'HD0050', '2021/3/27',2, N'P008', N'NV0002', N'SV0050')
insert into TB_HOPDONG values(N'HD0051', '2021/10/27',2, N'P008', N'NV0001', N'SV0051')
insert into TB_HOPDONG values(N'HD0052', '2021/10/20',3, N'P008', N'NV0004', N'SV0052')
insert into TB_HOPDONG values(N'HD0053', '2021/7/22',3, N'P008', N'NV0001', N'SV0053')
insert into TB_HOPDONG values(N'HD0054', '2021/1/9',3, N'P009', N'NV0005', N'SV0054')
insert into TB_HOPDONG values(N'HD0055', '2020/8/11',2, N'P009', N'NV0005', N'SV0055')
insert into TB_HOPDONG values(N'HD0056', '2021/5/16',2, N'P009', N'NV0002', N'SV0056')
insert into TB_HOPDONG values(N'HD0057', '2020/8/30',3, N'P009', N'NV0004', N'SV0057')
insert into TB_HOPDONG values(N'HD0058', '2020/6/15',2, N'P009', N'NV0002', N'SV0058')
insert into TB_HOPDONG values(N'HD0059', '2020/4/23',2, N'P009', N'NV0001', N'SV0059')
insert into TB_HOPDONG values(N'HD0060', '2021/5/1',2, N'P010', N'NV0002', N'SV0060')
insert into TB_HOPDONG values(N'HD0061', '2021/9/15',2, N'P010', N'NV0002', N'SV0061')
insert into TB_HOPDONG values(N'HD0062', '2020/2/16',2, N'P010', N'NV0002', N'SV0062')
insert into TB_HOPDONG values(N'HD0063', '2020/3/16',3, N'P010', N'NV0002', N'SV0063')
insert into TB_HOPDONG values(N'HD0064', '2020/7/14',3, N'P010', N'NV0001', N'SV0064')
insert into TB_HOPDONG values(N'HD0065', '2021/2/12',3, N'P010', N'NV0001', N'SV0065')
insert into TB_HOPDONG values(N'HD0066', '2021/12/8',3, N'P010', N'NV0003', N'SV0066')
insert into TB_HOPDONG values(N'HD0067', '2021/7/25',3, N'P011', N'NV0005', N'SV0067')
insert into TB_HOPDONG values(N'HD0068', '2020/3/4',3, N'P011', N'NV0003', N'SV0068')
insert into TB_HOPDONG values(N'HD0069', '2020/3/27',2, N'P011', N'NV0002', N'SV0069')
insert into TB_HOPDONG values(N'HD0070', '2020/10/23',3, N'P011', N'NV0001', N'SV0070')
insert into TB_HOPDONG values(N'HD0071', '2021/7/3',2, N'P011', N'NV0003', N'SV0071')
insert into TB_HOPDONG values(N'HD0072', '2021/6/28',3, N'P011', N'NV0003', N'SV0072')
insert into TB_HOPDONG values(N'HD0073', '2021/5/4',3, N'P011', N'NV0002', N'SV0073')
insert into TB_HOPDONG values(N'HD0074', '2020/3/17',2, N'P012', N'NV0001', N'SV0074')
insert into TB_HOPDONG values(N'HD0075', '2020/5/15',3, N'P012', N'NV0003', N'SV0075')
insert into TB_HOPDONG values(N'HD0076', '2021/6/15',2, N'P012', N'NV0003', N'SV0076')
insert into TB_HOPDONG values(N'HD0077', '2021/7/25',2, N'P012', N'NV0003', N'SV0077')
insert into TB_HOPDONG values(N'HD0078', '2021/5/14',2, N'P012', N'NV0004', N'SV0078')
insert into TB_HOPDONG values(N'HD0079', '2020/1/27',2, N'P012', N'NV0004', N'SV0079')
insert into TB_HOPDONG values(N'HD0080', '2020/1/27',3, N'P012', N'NV0001', N'SV0080')
insert into TB_HOPDONG values(N'HD0081', '2020/8/2',2, N'P013', N'NV0001', N'SV0081')
insert into TB_HOPDONG values(N'HD0082', '2021/8/17',3, N'P013', N'NV0005', N'SV0082')
insert into TB_HOPDONG values(N'HD0083', '2020/10/23',2, N'P013', N'NV0002', N'SV0083')
insert into TB_HOPDONG values(N'HD0084', '2021/6/15',2, N'P013', N'NV0005', N'SV0084')
insert into TB_HOPDONG values(N'HD0085', '2021/12/15',2, N'P013', N'NV0003', N'SV0085')
insert into TB_HOPDONG values(N'HD0086', '2020/9/22',3, N'P013', N'NV0003', N'SV0086')
insert into TB_HOPDONG values(N'HD0087', '2021/2/3',3, N'P013', N'NV0004', N'SV0087')
insert into TB_HOPDONG values(N'HD0088', '2021/1/12',3, N'P014', N'NV0004', N'SV0088')
insert into TB_HOPDONG values(N'HD0089', '2021/7/13',3, N'P014', N'NV0005', N'SV0089')
insert into TB_HOPDONG values(N'HD0090', '2020/6/25',2, N'P014', N'NV0001', N'SV0090')
insert into TB_HOPDONG values(N'HD0091', '2021/3/12',3, N'P014', N'NV0004', N'SV0091')
insert into TB_HOPDONG values(N'HD0092', '2020/5/18',2, N'P014', N'NV0005', N'SV0092')
insert into TB_HOPDONG values(N'HD0093', '2021/3/10',3, N'P014', N'NV0003', N'SV0093')
insert into TB_HOPDONG values(N'HD0094', '2020/6/12',2, N'P014', N'NV0004', N'SV0094')
insert into TB_HOPDONG values(N'HD0095', '2020/8/19',2, N'P015', N'NV0001', N'SV0095')
insert into TB_HOPDONG values(N'HD0096', '2021/9/1',2, N'P015', N'NV0002', N'SV0096')
insert into TB_HOPDONG values(N'HD0097', '2021/9/11',3, N'P015', N'NV0002', N'SV0097')
insert into TB_HOPDONG values(N'HD0098', '2020/6/7',3, N'P015', N'NV0001', N'SV0098')
insert into TB_HOPDONG values(N'HD0099', '2021/11/20',2, N'P015', N'NV0002', N'SV0099')
insert into TB_HOPDONG values(N'HD0100', '2021/3/23',2, N'P015', N'NV0002', N'SV0100')
insert into TB_HOPDONG values(N'HD0101', '2020/12/30',3, N'P015', N'NV0002', N'SV0101')
insert into TB_HOPDONG values(N'HD0102', '2020/4/29',2, N'P016', N'NV0001', N'SV0102')
insert into TB_HOPDONG values(N'HD0103', '2021/6/29',3, N'P016', N'NV0004', N'SV0103')
insert into TB_HOPDONG values(N'HD0104', '2020/2/9',3, N'P016', N'NV0002', N'SV0104')
insert into TB_HOPDONG values(N'HD0105', '2020/2/27',2, N'P016', N'NV0001', N'SV0105')
insert into TB_HOPDONG values(N'HD0106', '2020/4/27',2, N'P016', N'NV0004', N'SV0106')
insert into TB_HOPDONG values(N'HD0107', '2021/10/24',2, N'P016', N'NV0002', N'SV0107')
insert into TB_HOPDONG values(N'HD0108', '2020/11/1',2, N'P017', N'NV0002', N'SV0108')
insert into TB_HOPDONG values(N'HD0109', '2020/2/4',3, N'P017', N'NV0001', N'SV0109')
insert into TB_HOPDONG values(N'HD0110', '2021/12/18',2, N'P017', N'NV0002', N'SV0110')
insert into TB_HOPDONG values(N'HD0111', '2021/1/12',3, N'P017', N'NV0002', N'SV0111')
insert into TB_HOPDONG values(N'HD0112', '2021/6/30',3, N'P017', N'NV0003', N'SV0112')
insert into TB_HOPDONG values(N'HD0113', '2021/2/23',3, N'P017', N'NV0005', N'SV0113')
insert into TB_HOPDONG values(N'HD0114', '2021/4/11',2, N'P018', N'NV0003', N'SV0114')
insert into TB_HOPDONG values(N'HD0115', '2021/3/19',2, N'P018', N'NV0001', N'SV0115')
insert into TB_HOPDONG values(N'HD0116', '2021/4/28',2, N'P018', N'NV0001', N'SV0116')
insert into TB_HOPDONG values(N'HD0117', '2021/1/19',3, N'P018', N'NV0005', N'SV0117')
insert into TB_HOPDONG values(N'HD0118', '2021/5/9',3, N'P018', N'NV0003', N'SV0118')
insert into TB_HOPDONG values(N'HD0119', '2020/6/28',3, N'P018', N'NV0001', N'SV0119')
insert into TB_HOPDONG values(N'HD0120', '2020/12/15',2, N'P018', N'NV0004', N'SV0120')
insert into TB_HOPDONG values(N'HD0121', '2021/1/24',2, N'P019', N'NV0001', N'SV0121')
insert into TB_HOPDONG values(N'HD0122', '2020/4/13',2, N'P019', N'NV0005', N'SV0122')
insert into TB_HOPDONG values(N'HD0123', '2021/8/21',3, N'P019', N'NV0004', N'SV0123')
insert into TB_HOPDONG values(N'HD0124', '2020/12/22',3, N'P019', N'NV0004', N'SV0124')
insert into TB_HOPDONG values(N'HD0125', '2020/9/28',3, N'P019', N'NV0004', N'SV0125')
insert into TB_HOPDONG values(N'HD0126', '2021/7/6',2, N'P019', N'NV0001', N'SV0126')
insert into TB_HOPDONG values(N'HD0127', '2020/11/25',2, N'P020', N'NV0001', N'SV0127')
insert into TB_HOPDONG values(N'HD0128', '2020/9/19',2, N'P020', N'NV0005', N'SV0128')
insert into TB_HOPDONG values(N'HD0129', '2021/6/2',3, N'P020', N'NV0002', N'SV0129')
insert into TB_HOPDONG values(N'HD0130', '2020/4/20',2, N'P020', N'NV0002', N'SV0130')
insert into TB_HOPDONG values(N'HD0131', '2021/7/11',2, N'P020', N'NV0004', N'SV0131')
insert into TB_HOPDONG values(N'HD0132', '2021/4/19',2, N'P020', N'NV0002', N'SV0132')
insert into TB_HOPDONG values(N'HD0133', '2020/11/10',3, N'P021', N'NV0004', N'SV0133')
insert into TB_HOPDONG values(N'HD0134', '2020/7/13',3, N'P021', N'NV0004', N'SV0134')
insert into TB_HOPDONG values(N'HD0135', '2020/2/22',3, N'P021', N'NV0003', N'SV0135')
insert into TB_HOPDONG values(N'HD0136', '2020/2/3',3, N'P021', N'NV0002', N'SV0136')
insert into TB_HOPDONG values(N'HD0137', '2020/10/1',3, N'P021', N'NV0002', N'SV0137')
insert into TB_HOPDONG values(N'HD0138', '2020/1/5',2, N'P021', N'NV0003', N'SV0138')
insert into TB_HOPDONG values(N'HD0139', '2021/2/15',3, N'P021', N'NV0005', N'SV0139')
insert into TB_HOPDONG values(N'HD0140', '2021/8/16',3, N'P022', N'NV0003', N'SV0140')
insert into TB_HOPDONG values(N'HD0141', '2020/2/26',3, N'P022', N'NV0003', N'SV0141')
insert into TB_HOPDONG values(N'HD0142', '2020/3/9',2, N'P022', N'NV0002', N'SV0142')
insert into TB_HOPDONG values(N'HD0143', '2020/12/13',2, N'P022', N'NV0005', N'SV0143')
insert into TB_HOPDONG values(N'HD0144', '2020/5/25',2, N'P022', N'NV0003', N'SV0144')
insert into TB_HOPDONG values(N'HD0145', '2021/1/18',3, N'P022', N'NV0005', N'SV0145')
insert into TB_HOPDONG values(N'HD0146', '2020/6/4',3, N'P023', N'NV0003', N'SV0146')
insert into TB_HOPDONG values(N'HD0147', '2020/12/19',2, N'P023', N'NV0002', N'SV0147')
insert into TB_HOPDONG values(N'HD0148', '2020/9/9',2, N'P023', N'NV0004', N'SV0148')
insert into TB_HOPDONG values(N'HD0149', '2020/7/8',2, N'P023', N'NV0002', N'SV0149')
insert into TB_HOPDONG values(N'HD0150', '2020/10/4',3, N'P023', N'NV0004', N'SV0150')

--Chèn dữ liệu vào bảng trả phòng
INSERT INTO TB_TRA_PHONG VALUES(N'TP001', '2020-03-09', N'SV0150')
INSERT INTO TB_TRA_PHONG VALUES(N'TP002', '2020-08-07', N'SV0151')
INSERT INTO TB_TRA_PHONG VALUES(N'TP003', '2020-06-17', N'SV0152')
INSERT INTO TB_TRA_PHONG VALUES(N'TP004', '2020-06-15', N'SV0153')
INSERT INTO TB_TRA_PHONG VALUES(N'TP005', '2020-03-27', N'SV0154')
INSERT INTO TB_TRA_PHONG VALUES(N'TP006', '2020-02-22', N'SV0155')
INSERT INTO TB_TRA_PHONG VALUES(N'TP007', '2020-08-19', N'SV0156')
INSERT INTO TB_TRA_PHONG VALUES(N'TP008', '2020-11-27', N'SV0157')
INSERT INTO TB_TRA_PHONG VALUES(N'TP009', '2020-01-13', N'SV0158')
INSERT INTO TB_TRA_PHONG VALUES(N'TP010', '2020-01-12', N'SV0159')
INSERT INTO TB_TRA_PHONG VALUES(N'TP011', '2020-10-09', N'SV0160')
INSERT INTO TB_TRA_PHONG VALUES(N'TP012', '2020-02-23', N'SV0161')
INSERT INTO TB_TRA_PHONG VALUES(N'TP013', '2020-09-16', N'SV0162')
INSERT INTO TB_TRA_PHONG VALUES(N'TP014', '2020-02-16', N'SV0163')
INSERT INTO TB_TRA_PHONG VALUES(N'TP015', '2020-04-04', N'SV0164')
INSERT INTO TB_TRA_PHONG VALUES(N'TP016', '2020-07-20', N'SV0165')
INSERT INTO TB_TRA_PHONG VALUES(N'TP017', '2020-05-08', N'SV0166')
INSERT INTO TB_TRA_PHONG VALUES(N'TP018', '2020-02-11', N'SV0167')
INSERT INTO TB_TRA_PHONG VALUES(N'TP019', '2020-01-26', N'SV0168')
INSERT INTO TB_TRA_PHONG VALUES(N'TP020', '2020-06-01', N'SV0169')
INSERT INTO TB_TRA_PHONG VALUES(N'TP021', '2020-08-03', N'SV0170')
INSERT INTO TB_TRA_PHONG VALUES(N'TP022', '2020-11-14', N'SV0171')
INSERT INTO TB_TRA_PHONG VALUES(N'TP023', '2020-03-03', N'SV0172')
INSERT INTO TB_TRA_PHONG VALUES(N'TP024', '2020-09-20', N'SV0173')
INSERT INTO TB_TRA_PHONG VALUES(N'TP025', '2020-02-27', N'SV0174')
INSERT INTO TB_TRA_PHONG VALUES(N'TP026', '2020-03-08', N'SV0175')
INSERT INTO TB_TRA_PHONG VALUES(N'TP027', '2020-05-02', N'SV0176')
INSERT INTO TB_TRA_PHONG VALUES(N'TP028', '2020-06-22', N'SV0177')
INSERT INTO TB_TRA_PHONG VALUES(N'TP029', '2020-08-26', N'SV0178')
INSERT INTO TB_TRA_PHONG VALUES(N'TP030', '2020-04-17', N'SV0179')
INSERT INTO TB_TRA_PHONG VALUES(N'TP031', '2020-05-10', N'SV0180')
INSERT INTO TB_TRA_PHONG VALUES(N'TP032', '2020-08-06', N'SV0181')
INSERT INTO TB_TRA_PHONG VALUES(N'TP033', '2020-04-18', N'SV0182')
INSERT INTO TB_TRA_PHONG VALUES(N'TP034', '2020-05-20', N'SV0183')
INSERT INTO TB_TRA_PHONG VALUES(N'TP035', '2020-07-28', N'SV0184')
INSERT INTO TB_TRA_PHONG VALUES(N'TP036', '2020-05-28', N'SV0185')
INSERT INTO TB_TRA_PHONG VALUES(N'TP037', '2020-09-23', N'SV0186')
INSERT INTO TB_TRA_PHONG VALUES(N'TP038', '2020-04-29', N'SV0187')
INSERT INTO TB_TRA_PHONG VALUES(N'TP039', '2020-12-16', N'SV0188')
INSERT INTO TB_TRA_PHONG VALUES(N'TP040', '2020-09-19', N'SV0189')
INSERT INTO TB_TRA_PHONG VALUES(N'TP041', '2020-11-28', N'SV0190')
INSERT INTO TB_TRA_PHONG VALUES(N'TP042', '2020-01-16', N'SV0191')
INSERT INTO TB_TRA_PHONG VALUES(N'TP043', '2020-04-09', N'SV0192')
INSERT INTO TB_TRA_PHONG VALUES(N'TP044', '2020-11-05', N'SV0193')
INSERT INTO TB_TRA_PHONG VALUES(N'TP045', '2020-08-10', N'SV0194')
INSERT INTO TB_TRA_PHONG VALUES(N'TP046', '2020-09-06', N'SV0195')
INSERT INTO TB_TRA_PHONG VALUES(N'TP047', '2020-04-25', N'SV0196')
INSERT INTO TB_TRA_PHONG VALUES(N'TP048', '2020-07-24', N'SV0197')
INSERT INTO TB_TRA_PHONG VALUES(N'TP049', '2020-02-06', N'SV0198')
INSERT INTO TB_TRA_PHONG VALUES(N'TP051', '2020-02-04', N'SV0200')

--Chèn dữ liệu vào bảng chi phí cho phòng P0001
INSERT INTO TB_CHIPHI VALUES(N'CP00001', N'P001', 1711000, 300000, 50000, '2020-01-30', '2020-01-7', N'NV0006')
INSERT INTO TB_CHIPHI VALUES(N'CP00002', N'P001', 1933000, 300000, 50000, '2020-02-28', '2020-02-7', N'NV0006')
INSERT INTO TB_CHIPHI VALUES(N'CP00003', N'P001', 1835000, 300000, 50000, '2020-03-30', '2020-03-7', N'NV0006')
INSERT INTO TB_CHIPHI VALUES(N'CP00004', N'P001', 1837000, 300000, 50000, '2020-04-30', '2020-04-7', N'NV0006')
INSERT INTO TB_CHIPHI VALUES(N'CP00005', N'P001', 901000, 300000, 50000, '2020-05-30', '2020-05-7', N'NV0006')
INSERT INTO TB_CHIPHI VALUES(N'CP00006', N'P001', 1741000, 300000, 50000, '2020-06-30', '2020-06-7', N'NV0006')
INSERT INTO TB_CHIPHI VALUES(N'CP00007', N'P001', 1360000, 300000, 50000, '2020-07-30', '2020-07-7', N'NV0006')
INSERT INTO TB_CHIPHI VALUES(N'CP00008', N'P001', 526000, 300000, 50000, '2020-08-30', '2020-08-7', N'NV0006')
INSERT INTO TB_CHIPHI VALUES(N'CP00009', N'P001', 1098000, 300000, 50000, '2020-09-30', '2020-09-7', N'NV0006')
INSERT INTO TB_CHIPHI VALUES(N'CP00010', N'P001', 906000, 300000, 50000, '2020-10-30', '2020-10-7', N'NV0006')
INSERT INTO TB_CHIPHI VALUES(N'CP00011', N'P001', 1010000, 300000, 50000, '2020-11-30', '2020-11-7', N'NV0006')
INSERT INTO TB_CHIPHI VALUES(N'CP00012', N'P001', 518000, 300000, 50000, '2020-12-30', '2020-12-7', N'NV0006')
INSERT INTO TB_CHIPHI VALUES(N'CP00013', N'P001', 678000, 300000, 50000, '2021-01-30', '2021-01-7', N'NV0006')
INSERT INTO TB_CHIPHI VALUES(N'CP00014', N'P001', 1997000, 300000, 50000, '2021-02-28', '2021-02-7', N'NV0006')
INSERT INTO TB_CHIPHI VALUES(N'CP00015', N'P001', 1955000, 300000, 50000, '2021-03-30', '2021-03-7', N'NV0006')
INSERT INTO TB_CHIPHI VALUES(N'CP00016', N'P001', 1794000, 300000, 50000, '2021-04-30', '2021-04-7', N'NV0006')
INSERT INTO TB_CHIPHI VALUES(N'CP00017', N'P001', 1711000, 300000, 50000, '2021-05-30', '2021-05-7', N'NV0006')
INSERT INTO TB_CHIPHI VALUES(N'CP00018', N'P001', 1954000, 300000, 50000, '2021-06-30', '2021-06-7', N'NV0006')
INSERT INTO TB_CHIPHI VALUES(N'CP00019', N'P001', 553000, 300000, 50000, '2021-07-30', '2021-07-7', N'NV0006')
INSERT INTO TB_CHIPHI VALUES(N'CP00020', N'P001', 988000, 300000, 50000, '2021-08-30', '2021-08-7', N'NV0006')
INSERT INTO TB_CHIPHI VALUES(N'CP00021', N'P001', 927000, 300000, 50000, '2021-09-30', '2021-09-7', N'NV0006')
INSERT INTO TB_CHIPHI VALUES(N'CP00022', N'P001', 1029000, 300000, 50000, '2021-10-30', '2021-10-7', N'NV0006')
INSERT INTO TB_CHIPHI VALUES(N'CP00023', N'P001', 1454000, 300000, 50000, '2021-11-30', '2021-11-7', N'NV0006')
INSERT INTO TB_CHIPHI VALUES(N'CP00024', N'P001', 932000, 300000, 50000, '2021-12-30', '2021-12-7', N'NV0006')
--chèn dữ liệu vào bảng chi phí cho phòng P0002
INSERT INTO TB_CHIPHI VALUES(N'CP00025', N'P002', 739000, 300000, 50000, '2020-01-30', '2020-01-7', N'NV0007')
INSERT INTO TB_CHIPHI VALUES(N'CP00026', N'P002', 756000, 300000, 50000, '2020-02-28', '2020-02-7', N'NV0007')
INSERT INTO TB_CHIPHI VALUES(N'CP00027', N'P002', 677000, 300000, 50000, '2020-03-30', '2020-03-7', N'NV0007')
INSERT INTO TB_CHIPHI VALUES(N'CP00028', N'P002', 1367000, 300000, 50000, '2020-04-30', '2020-04-7', N'NV0007')
INSERT INTO TB_CHIPHI VALUES(N'CP00029', N'P002', 1022000, 300000, 50000, '2020-05-30', '2020-05-7', N'NV0007')
INSERT INTO TB_CHIPHI VALUES(N'CP00030', N'P002', 608000, 300000, 50000, '2020-06-30', '2020-06-7', N'NV0007')
INSERT INTO TB_CHIPHI VALUES(N'CP00031', N'P002', 1942000, 300000, 50000, '2020-07-30', '2020-07-7', N'NV0007')
INSERT INTO TB_CHIPHI VALUES(N'CP00032', N'P002', 1468000, 300000, 50000, '2020-08-30', '2020-08-7', N'NV0007')
INSERT INTO TB_CHIPHI VALUES(N'CP00033', N'P002', 1791000, 300000, 50000, '2020-09-30', '2020-09-7', N'NV0007')
INSERT INTO TB_CHIPHI VALUES(N'CP00034', N'P002', 947000, 300000, 50000, '2020-10-30', '2020-10-7', N'NV0007')
INSERT INTO TB_CHIPHI VALUES(N'CP00035', N'P002', 1320000, 300000, 50000, '2020-11-30', '2020-11-7', N'NV0007')
INSERT INTO TB_CHIPHI VALUES(N'CP00036', N'P002', 1366000, 300000, 50000, '2020-12-30', '2020-12-7', N'NV0007')
INSERT INTO TB_CHIPHI VALUES(N'CP00037', N'P002', 1837000, 300000, 50000, '2021-01-30', '2021-01-7', N'NV0007')
INSERT INTO TB_CHIPHI VALUES(N'CP00038', N'P002', 955000, 300000, 50000, '2021-02-28', '2021-02-7', N'NV0007')
INSERT INTO TB_CHIPHI VALUES(N'CP00039', N'P002', 1309000, 300000, 50000, '2021-03-30', '2021-03-7', N'NV0007')
INSERT INTO TB_CHIPHI VALUES(N'CP00040', N'P002', 1839000, 300000, 50000, '2021-04-30', '2021-04-7', N'NV0007')
INSERT INTO TB_CHIPHI VALUES(N'CP00041', N'P002', 1161000, 300000, 50000, '2021-05-30', '2021-05-7', N'NV0007')
INSERT INTO TB_CHIPHI VALUES(N'CP00042', N'P002', 1182000, 300000, 50000, '2021-06-30', '2021-06-7', N'NV0007')
INSERT INTO TB_CHIPHI VALUES(N'CP00043', N'P002', 1945000, 300000, 50000, '2021-07-30', '2021-07-7', N'NV0007')
INSERT INTO TB_CHIPHI VALUES(N'CP00044', N'P002', 922000, 300000, 50000, '2021-08-30', '2021-08-7', N'NV0007')
INSERT INTO TB_CHIPHI VALUES(N'CP00045', N'P002', 1615000, 300000, 50000, '2021-09-30', '2021-09-7', N'NV0007')
INSERT INTO TB_CHIPHI VALUES(N'CP00046', N'P002', 728000, 300000, 50000, '2021-10-30', '2021-10-7', N'NV0007')
INSERT INTO TB_CHIPHI VALUES(N'CP00047', N'P002', 1168000, 300000, 50000, '2021-11-30', '2021-11-7', N'NV0007')
INSERT INTO TB_CHIPHI VALUES(N'CP00048', N'P002', 888000, 300000, 50000, '2021-12-30', '2021-12-7', N'NV0007')
--chèn dữ liệu vào bảng chi phí cho phòng P0003
INSERT INTO TB_CHIPHI VALUES(N'CP00049', N'P003', 1110000, 300000, 50000, '2020-01-30', '2020-01-7', N'NV0008')
INSERT INTO TB_CHIPHI VALUES(N'CP00050', N'P003', 763000, 300000, 50000, '2020-02-28', '2020-02-7', N'NV0008')
INSERT INTO TB_CHIPHI VALUES(N'CP00051', N'P003', 504000, 300000, 50000, '2020-03-30', '2020-03-7', N'NV0008')
INSERT INTO TB_CHIPHI VALUES(N'CP00052', N'P003', 1398000, 300000, 50000, '2020-04-30', '2020-04-7', N'NV0008')
INSERT INTO TB_CHIPHI VALUES(N'CP00053', N'P003', 1372000, 300000, 50000, '2020-05-30', '2020-05-7', N'NV0008')
INSERT INTO TB_CHIPHI VALUES(N'CP00054', N'P003', 949000, 300000, 50000, '2020-06-30', '2020-06-7', N'NV0008')
INSERT INTO TB_CHIPHI VALUES(N'CP00055', N'P003', 508000, 300000, 50000, '2020-07-30', '2020-07-7', N'NV0008')
INSERT INTO TB_CHIPHI VALUES(N'CP00056', N'P003', 1692000, 300000, 50000, '2020-08-30', '2020-08-7', N'NV0008')
INSERT INTO TB_CHIPHI VALUES(N'CP00057', N'P003', 1208000, 300000, 50000, '2020-09-30', '2020-09-7', N'NV0008')
INSERT INTO TB_CHIPHI VALUES(N'CP00058', N'P003', 1601000, 300000, 50000, '2020-10-30', '2020-10-7', N'NV0008')
INSERT INTO TB_CHIPHI VALUES(N'CP00059', N'P003', 717000, 300000, 50000, '2020-11-30', '2020-11-7', N'NV0008')
INSERT INTO TB_CHIPHI VALUES(N'CP00060', N'P003', 1741000, 300000, 50000, '2020-12-30', '2020-12-7', N'NV0008')
INSERT INTO TB_CHIPHI VALUES(N'CP00061', N'P003', 1337000, 300000, 50000, '2021-01-30', '2021-01-7', N'NV0008')
INSERT INTO TB_CHIPHI VALUES(N'CP00062', N'P003', 1094000, 300000, 50000, '2021-02-28', '2021-02-7', N'NV0008')
INSERT INTO TB_CHIPHI VALUES(N'CP00063', N'P003', 1026000, 300000, 50000, '2021-03-30', '2021-03-7', N'NV0008')
INSERT INTO TB_CHIPHI VALUES(N'CP00064', N'P003', 785000, 300000, 50000, '2021-04-30', '2021-04-7', N'NV0008')
INSERT INTO TB_CHIPHI VALUES(N'CP00065', N'P003', 1998000, 300000, 50000, '2021-05-30', '2021-05-7', N'NV0008')
INSERT INTO TB_CHIPHI VALUES(N'CP00066', N'P003', 1940000, 300000, 50000, '2021-06-30', '2021-06-7', N'NV0008')
INSERT INTO TB_CHIPHI VALUES(N'CP00067', N'P003', 1025000, 300000, 50000, '2021-07-30', '2021-07-7', N'NV0008')
INSERT INTO TB_CHIPHI VALUES(N'CP00068', N'P003', 1569000, 300000, 50000, '2021-08-30', '2021-08-7', N'NV0008')
INSERT INTO TB_CHIPHI VALUES(N'CP00069', N'P003', 1995000, 300000, 50000, '2021-09-30', '2021-09-7', N'NV0008')
INSERT INTO TB_CHIPHI VALUES(N'CP00070', N'P003', 1732000, 300000, 50000, '2021-10-30', '2021-10-7', N'NV0008')
INSERT INTO TB_CHIPHI VALUES(N'CP00071', N'P003', 1138000, 300000, 50000, '2021-11-30', '2021-11-7', N'NV0008')
INSERT INTO TB_CHIPHI VALUES(N'CP00072', N'P003', 904000, 300000, 50000, '2021-12-30', '2021-12-7', N'NV0008')
--chèn dữ liệu vào bảng chi phí cho phòng P0004
INSERT INTO TB_CHIPHI VALUES(N'CP00073', N'P004', 1325000, 300000, 50000, '2020-01-30', '2020-01-7', N'NV0009')
INSERT INTO TB_CHIPHI VALUES(N'CP00074', N'P004', 1919000, 300000, 50000, '2020-02-28', '2020-02-7', N'NV0009')
INSERT INTO TB_CHIPHI VALUES(N'CP00075', N'P004', 526000, 300000, 50000, '2020-03-30', '2020-03-7', N'NV0009')
INSERT INTO TB_CHIPHI VALUES(N'CP00076', N'P004', 1497000, 300000, 50000, '2020-04-30', '2020-04-7', N'NV0009')
INSERT INTO TB_CHIPHI VALUES(N'CP00077', N'P004', 1408000, 300000, 50000, '2020-05-30', '2020-05-7', N'NV0009')
INSERT INTO TB_CHIPHI VALUES(N'CP00078', N'P004', 1242000, 300000, 50000, '2020-06-30', '2020-06-7', N'NV0009')
INSERT INTO TB_CHIPHI VALUES(N'CP00079', N'P004', 548000, 300000, 50000, '2020-07-30', '2020-07-7', N'NV0009')
INSERT INTO TB_CHIPHI VALUES(N'CP00080', N'P004', 1293000, 300000, 50000, '2020-08-30', '2020-08-7', N'NV0009')
INSERT INTO TB_CHIPHI VALUES(N'CP00081', N'P004', 909000, 300000, 50000, '2020-09-30', '2020-09-7', N'NV0009')
INSERT INTO TB_CHIPHI VALUES(N'CP00082', N'P004', 1205000, 300000, 50000, '2020-10-30', '2020-10-7', N'NV0009')
INSERT INTO TB_CHIPHI VALUES(N'CP00083', N'P004', 773000, 300000, 50000, '2020-11-30', '2020-11-7', N'NV0009')
INSERT INTO TB_CHIPHI VALUES(N'CP00084', N'P004', 1083000, 300000, 50000, '2020-12-30', '2020-12-7', N'NV0009')
INSERT INTO TB_CHIPHI VALUES(N'CP00085', N'P004', 1683000, 300000, 50000, '2021-01-30', '2021-01-7', N'NV0009')
INSERT INTO TB_CHIPHI VALUES(N'CP00086', N'P004', 1200000, 300000, 50000, '2021-02-18', '2021-02-7', N'NV0009')
INSERT INTO TB_CHIPHI VALUES(N'CP00087', N'P004', 1515000, 300000, 50000, '2021-03-30', '2021-03-7', N'NV0009')
INSERT INTO TB_CHIPHI VALUES(N'CP00088', N'P004', 503000, 300000, 50000, '2021-04-30', '2021-04-7', N'NV0009')
INSERT INTO TB_CHIPHI VALUES(N'CP00089', N'P004', 876000, 300000, 50000, '2021-05-30', '2021-05-7', N'NV0009')
INSERT INTO TB_CHIPHI VALUES(N'CP00090', N'P004', 1585000, 300000, 50000, '2021-06-30', '2021-06-7', N'NV0009')
INSERT INTO TB_CHIPHI VALUES(N'CP00091', N'P004', 952000, 300000, 50000, '2021-07-30', '2021-07-7', N'NV0009')
INSERT INTO TB_CHIPHI VALUES(N'CP00092', N'P004', 1466000, 300000, 50000, '2021-08-30', '2021-08-7', N'NV0009')
INSERT INTO TB_CHIPHI VALUES(N'CP00093', N'P004', 1403000, 300000, 50000, '2021-09-30', '2021-09-7', N'NV0009')
INSERT INTO TB_CHIPHI VALUES(N'CP00094', N'P004', 1377000, 300000, 50000, '2021-10-30', '2021-10-7', N'NV0009')
INSERT INTO TB_CHIPHI VALUES(N'CP00095', N'P004', 1089000, 300000, 50000, '2021-11-30', '2021-11-7', N'NV0009')
INSERT INTO TB_CHIPHI VALUES(N'CP00096', N'P004', 790000, 300000, 50000, '2021-12-30', '2021-12-7', N'NV0009')
--chèn dữ liệu vào bảng chi phí cho phòng P0005
INSERT INTO TB_CHIPHI VALUES(N'CP00097', N'P005', 1682000, 300000, 50000, '2020-01-30', '2020-01-7', N'NV0010')
INSERT INTO TB_CHIPHI VALUES(N'CP00098', N'P005', 1431000, 300000, 50000, '2020-02-16', '2020-02-7', N'NV0010')
INSERT INTO TB_CHIPHI VALUES(N'CP00099', N'P005', 1359000, 300000, 50000, '2020-03-30', '2020-03-7', N'NV0010')
INSERT INTO TB_CHIPHI VALUES(N'CP00100', N'P005', 1744000, 300000, 50000, '2020-04-30', '2020-04-7', N'NV0010')
INSERT INTO TB_CHIPHI VALUES(N'CP00101', N'P005', 1715000, 300000, 50000, '2020-05-30', '2020-05-7', N'NV0010')
INSERT INTO TB_CHIPHI VALUES(N'CP00102', N'P005', 639000, 300000, 50000, '2020-06-30', '2020-06-7', N'NV0010')
INSERT INTO TB_CHIPHI VALUES(N'CP00103', N'P005', 1045000, 300000, 50000, '2020-07-30', '2020-07-7', N'NV0010')
INSERT INTO TB_CHIPHI VALUES(N'CP00104', N'P005', 1962000, 300000, 50000, '2020-08-30', '2020-08-7', N'NV0010')
INSERT INTO TB_CHIPHI VALUES(N'CP00105', N'P005', 1602000, 300000, 50000, '2020-09-30', '2020-09-7', N'NV0010')
INSERT INTO TB_CHIPHI VALUES(N'CP00106', N'P005', 740000, 300000, 50000, '2020-10-30', '2020-10-7', N'NV0010')
INSERT INTO TB_CHIPHI VALUES(N'CP00107', N'P005', 1648000, 300000, 50000, '2020-11-30', '2020-11-7', N'NV0010')
INSERT INTO TB_CHIPHI VALUES(N'CP00108', N'P005', 1496000, 300000, 50000, '2020-12-30', '2020-12-7', N'NV0010')
INSERT INTO TB_CHIPHI VALUES(N'CP00109', N'P005', 1620000, 300000, 50000, '2021-01-30', '2021-01-7', N'NV0010')
INSERT INTO TB_CHIPHI VALUES(N'CP00110', N'P005', 849000, 300000, 50000, '2021-02-18', '2021-02-7', N'NV0010')
INSERT INTO TB_CHIPHI VALUES(N'CP00111', N'P005', 867000, 300000, 50000, '2021-03-30', '2021-03-7', N'NV0010')
INSERT INTO TB_CHIPHI VALUES(N'CP00112', N'P005', 1416000, 300000, 50000, '2021-04-30', '2021-04-7', N'NV0010')
INSERT INTO TB_CHIPHI VALUES(N'CP00113', N'P005', 801000, 300000, 50000, '2021-05-30', '2021-05-7', N'NV0010')
INSERT INTO TB_CHIPHI VALUES(N'CP00114', N'P005', 705000, 300000, 50000, '2021-06-30', '2021-06-7', N'NV0010')
INSERT INTO TB_CHIPHI VALUES(N'CP00115', N'P005', 637000, 300000, 50000, '2021-07-30', '2021-07-7', N'NV0010')
INSERT INTO TB_CHIPHI VALUES(N'CP00116', N'P005', 1556000, 300000, 50000, '2021-08-30', '2021-08-7', N'NV0010')
INSERT INTO TB_CHIPHI VALUES(N'CP00117', N'P005', 1829000, 300000, 50000, '2021-09-30', '2021-09-7', N'NV0010')
INSERT INTO TB_CHIPHI VALUES(N'CP00118', N'P005', 1809000, 300000, 50000, '2021-10-30', '2021-10-7', N'NV0010')
INSERT INTO TB_CHIPHI VALUES(N'CP00119', N'P005', 839000, 300000, 50000, '2021-11-30', '2021-11-7', N'NV0010')
INSERT INTO TB_CHIPHI VALUES(N'CP00120', N'P005', 1028000, 300000, 50000, '2021-12-30', '2021-12-7', N'NV0010')
--chèn dữ liệu vào bảng chi phí cho phòng P0006
INSERT INTO TB_CHIPHI VALUES(N'CP00121', N'P006', 1598000, 300000, 50000, '2020-01-30', '2020-01-7', N'NV0006')
INSERT INTO TB_CHIPHI VALUES(N'CP00122', N'P006', 1621000, 300000, 50000, '2020-02-19', '2020-02-7', N'NV0006')
INSERT INTO TB_CHIPHI VALUES(N'CP00123', N'P006', 939000, 300000, 50000, '2020-03-30', '2020-03-7', N'NV0006')
INSERT INTO TB_CHIPHI VALUES(N'CP00124', N'P006', 607000, 300000, 50000, '2020-04-30', '2020-04-7', N'NV0006')
INSERT INTO TB_CHIPHI VALUES(N'CP00125', N'P006', 1429000, 300000, 50000, '2020-05-30', '2020-05-7', N'NV0006')
INSERT INTO TB_CHIPHI VALUES(N'CP00126', N'P006', 1433000, 300000, 50000, '2020-06-30', '2020-06-7', N'NV0006')
INSERT INTO TB_CHIPHI VALUES(N'CP00127', N'P006', 1227000, 300000, 50000, '2020-07-30', '2020-07-7', N'NV0006')
INSERT INTO TB_CHIPHI VALUES(N'CP00128', N'P006', 1581000, 300000, 50000, '2020-08-30', '2020-08-7', N'NV0006')
INSERT INTO TB_CHIPHI VALUES(N'CP00129', N'P006', 1495000, 300000, 50000, '2020-09-30', '2020-09-7', N'NV0006')
INSERT INTO TB_CHIPHI VALUES(N'CP00130', N'P006', 1881000, 300000, 50000, '2020-10-30', '2020-10-7', N'NV0006')
INSERT INTO TB_CHIPHI VALUES(N'CP00131', N'P006', 1060000, 300000, 50000, '2020-11-30', '2020-11-7', N'NV0006')
INSERT INTO TB_CHIPHI VALUES(N'CP00132', N'P006', 1875000, 300000, 50000, '2020-12-30', '2020-12-7', N'NV0006')
INSERT INTO TB_CHIPHI VALUES(N'CP00133', N'P006', 1139000, 300000, 50000, '2021-01-30', '2021-01-7', N'NV0006')
INSERT INTO TB_CHIPHI VALUES(N'CP00134', N'P006', 1828000, 300000, 50000, '2021-02-19', '2021-02-7', N'NV0006')
INSERT INTO TB_CHIPHI VALUES(N'CP00135', N'P006', 1611000, 300000, 50000, '2021-03-30', '2021-03-7', N'NV0006')
INSERT INTO TB_CHIPHI VALUES(N'CP00136', N'P006', 605000, 300000, 50000, '2021-04-30', '2021-04-7', N'NV0006')
INSERT INTO TB_CHIPHI VALUES(N'CP00137', N'P006', 1699000, 300000, 50000, '2021-05-30', '2021-05-7', N'NV0006')
INSERT INTO TB_CHIPHI VALUES(N'CP00138', N'P006', 1940000, 300000, 50000, '2021-06-30', '2021-06-7', N'NV0006')
INSERT INTO TB_CHIPHI VALUES(N'CP00139', N'P006', 1877000, 300000, 50000, '2021-07-30', '2021-07-7', N'NV0006')
INSERT INTO TB_CHIPHI VALUES(N'CP00140', N'P006', 576000, 300000, 50000, '2021-08-30', '2021-08-7', N'NV0006')
INSERT INTO TB_CHIPHI VALUES(N'CP00141', N'P006', 1365000, 300000, 50000, '2021-09-30', '2021-09-7', N'NV0006')
INSERT INTO TB_CHIPHI VALUES(N'CP00142', N'P006', 1803000, 300000, 50000, '2021-10-30', '2021-10-7', N'NV0006')
INSERT INTO TB_CHIPHI VALUES(N'CP00143', N'P006', 1329000, 300000, 50000, '2021-11-30', '2021-11-7', N'NV0006')
INSERT INTO TB_CHIPHI VALUES(N'CP00144', N'P006', 1863000, 300000, 50000, '2021-12-30', '2021-12-7', N'NV0006')
--chèn dữ liệu vào bảng chi phí cho phòng P0007
INSERT INTO TB_CHIPHI VALUES(N'CP00145', N'P007', 1295000, 300000, 50000, '2020-01-30', '2020-01-7', N'NV0007')
INSERT INTO TB_CHIPHI VALUES(N'CP00146', N'P007', 968000, 300000, 50000, '2020-02-20', '2020-02-7', N'NV0007')
INSERT INTO TB_CHIPHI VALUES(N'CP00147', N'P007', 1983000, 300000, 50000, '2020-03-30', '2020-03-7', N'NV0007')
INSERT INTO TB_CHIPHI VALUES(N'CP00148', N'P007', 1442000, 300000, 50000, '2020-04-30', '2020-04-7', N'NV0007')
INSERT INTO TB_CHIPHI VALUES(N'CP00149', N'P007', 1883000, 300000, 50000, '2020-05-30', '2020-05-7', N'NV0007')
INSERT INTO TB_CHIPHI VALUES(N'CP00150', N'P007', 1262000, 300000, 50000, '2020-06-30', '2020-06-7', N'NV0007')
INSERT INTO TB_CHIPHI VALUES(N'CP00151', N'P007', 1592000, 300000, 50000, '2020-07-30', '2020-07-7', N'NV0007')
INSERT INTO TB_CHIPHI VALUES(N'CP00152', N'P007', 578000, 300000, 50000, '2020-08-30', '2020-08-7', N'NV0007')
INSERT INTO TB_CHIPHI VALUES(N'CP00153', N'P007', 1934000, 300000, 50000, '2020-09-30', '2020-09-7', N'NV0007')
INSERT INTO TB_CHIPHI VALUES(N'CP00154', N'P007', 504000, 300000, 50000, '2020-10-30', '2020-10-7', N'NV0007')
INSERT INTO TB_CHIPHI VALUES(N'CP00155', N'P007', 752000, 300000, 50000, '2020-11-30', '2020-11-7', N'NV0007')
INSERT INTO TB_CHIPHI VALUES(N'CP00156', N'P007', 811000, 300000, 50000, '2020-12-30', '2020-12-7', N'NV0007')
INSERT INTO TB_CHIPHI VALUES(N'CP00157', N'P007', 1997000, 300000, 50000, '2021-01-30', '2021-01-7', N'NV0007')
INSERT INTO TB_CHIPHI VALUES(N'CP00158', N'P007', 901000, 300000, 50000, '2021-02-20', '2021-02-7', N'NV0007')
INSERT INTO TB_CHIPHI VALUES(N'CP00159', N'P007', 1065000, 300000, 50000, '2021-03-30', '2021-03-7', N'NV0007')
INSERT INTO TB_CHIPHI VALUES(N'CP00160', N'P007', 1911000, 300000, 50000, '2021-04-30', '2021-04-7', N'NV0007')
INSERT INTO TB_CHIPHI VALUES(N'CP00161', N'P007', 680000, 300000, 50000, '2021-05-30', '2021-05-7', N'NV0007')
INSERT INTO TB_CHIPHI VALUES(N'CP00162', N'P007', 1484000, 300000, 50000, '2021-06-30', '2021-06-7', N'NV0007')
INSERT INTO TB_CHIPHI VALUES(N'CP00163', N'P007', 1712000, 300000, 50000, '2021-07-30', '2021-07-7', N'NV0007')
INSERT INTO TB_CHIPHI VALUES(N'CP00164', N'P007', 702000, 300000, 50000, '2021-08-30', '2021-08-7', N'NV0007')
INSERT INTO TB_CHIPHI VALUES(N'CP00165', N'P007', 1889000, 300000, 50000, '2021-09-30', '2021-09-7', N'NV0007')
INSERT INTO TB_CHIPHI VALUES(N'CP00166', N'P007', 1056000, 300000, 50000, '2021-10-30', '2021-10-7', N'NV0007')
INSERT INTO TB_CHIPHI VALUES(N'CP00167', N'P007', 722000, 300000, 50000, '2021-11-30', '2021-11-7', N'NV0007')
INSERT INTO TB_CHIPHI VALUES(N'CP00168', N'P007', 1390000, 300000, 50000, '2021-12-30', '2021-12-7', N'NV0007')
--chèn dữ liệu vào bảng chi phí cho phòng P0008
INSERT INTO TB_CHIPHI VALUES(N'CP00169', N'P008', 580000, 300000, 50000, '2020-01-30', '2020-01-7', N'NV0008')
INSERT INTO TB_CHIPHI VALUES(N'CP00170', N'P008', 980000, 300000, 50000, '2020-02-10', '2020-02-7', N'NV0008')
INSERT INTO TB_CHIPHI VALUES(N'CP00171', N'P008', 1123000, 300000, 50000, '2020-03-30', '2020-03-7', N'NV0008')
INSERT INTO TB_CHIPHI VALUES(N'CP00172', N'P008', 958000, 300000, 50000, '2020-04-30', '2020-04-7', N'NV0008')
INSERT INTO TB_CHIPHI VALUES(N'CP00173', N'P008', 857000, 300000, 50000, '2020-05-30', '2020-05-7', N'NV0008')
INSERT INTO TB_CHIPHI VALUES(N'CP00174', N'P008', 1116000, 300000, 50000, '2020-06-30', '2020-06-7', N'NV0008')
INSERT INTO TB_CHIPHI VALUES(N'CP00175', N'P008', 766000, 300000, 50000, '2020-07-30', '2020-07-7', N'NV0008')
INSERT INTO TB_CHIPHI VALUES(N'CP00176', N'P008', 1556000, 300000, 50000, '2020-08-30', '2020-08-7', N'NV0008')
INSERT INTO TB_CHIPHI VALUES(N'CP00177', N'P008', 1807000, 300000, 50000, '2020-09-30', '2020-09-7', N'NV0008')
INSERT INTO TB_CHIPHI VALUES(N'CP00178', N'P008', 878000, 300000, 50000, '2020-10-30', '2020-10-7', N'NV0008')
INSERT INTO TB_CHIPHI VALUES(N'CP00179', N'P008', 808000, 300000, 50000, '2020-11-30', '2020-11-7', N'NV0008')
INSERT INTO TB_CHIPHI VALUES(N'CP00180', N'P008', 1604000, 300000, 50000, '2020-12-30', '2020-12-7', N'NV0008')
INSERT INTO TB_CHIPHI VALUES(N'CP00181', N'P008', 1885000, 300000, 50000, '2021-01-30', '2021-01-7', N'NV0008')
INSERT INTO TB_CHIPHI VALUES(N'CP00182', N'P008', 972000, 300000, 50000, '2021-02-20', '2021-02-7', N'NV0008')
INSERT INTO TB_CHIPHI VALUES(N'CP00183', N'P008', 1083000, 300000, 50000, '2021-03-30', '2021-03-7', N'NV0008')
INSERT INTO TB_CHIPHI VALUES(N'CP00184', N'P008', 1891000, 300000, 50000, '2021-04-30', '2021-04-7', N'NV0008')
INSERT INTO TB_CHIPHI VALUES(N'CP00185', N'P008', 1146000, 300000, 50000, '2021-05-30', '2021-05-7', N'NV0008')
INSERT INTO TB_CHIPHI VALUES(N'CP00186', N'P008', 1552000, 300000, 50000, '2021-06-30', '2021-06-7', N'NV0008')
INSERT INTO TB_CHIPHI VALUES(N'CP00187', N'P008', 1076000, 300000, 50000, '2021-07-30', '2021-07-7', N'NV0008')
INSERT INTO TB_CHIPHI VALUES(N'CP00188', N'P008', 1860000, 300000, 50000, '2021-08-30', '2021-08-7', N'NV0008')
INSERT INTO TB_CHIPHI VALUES(N'CP00189', N'P008', 1519000, 300000, 50000, '2021-09-30', '2021-09-7', N'NV0008')
INSERT INTO TB_CHIPHI VALUES(N'CP00190', N'P008', 1382000, 300000, 50000, '2021-10-30', '2021-10-7', N'NV0008')
INSERT INTO TB_CHIPHI VALUES(N'CP00191', N'P008', 1046000, 300000, 50000, '2021-11-30', '2021-11-7', N'NV0008')
INSERT INTO TB_CHIPHI VALUES(N'CP00192', N'P008', 1429000, 300000, 50000, '2021-12-30', '2021-12-7', N'NV0008')
--chèn dữ liệu vào bảng chi phí cho phòng P0009
INSERT INTO TB_CHIPHI VALUES(N'CP00193', N'P009', 1263000, 300000, 50000, '2020-01-30', '2020-01-7', N'NV0009')
INSERT INTO TB_CHIPHI VALUES(N'CP00194', N'P009', 850000, 300000, 50000, '2020-02-10', '2020-02-7', N'NV0009')
INSERT INTO TB_CHIPHI VALUES(N'CP00195', N'P009', 1652000, 300000, 50000, '2020-03-10', '2020-03-7', N'NV0009')
INSERT INTO TB_CHIPHI VALUES(N'CP00196', N'P009', 1868000, 300000, 50000, '2020-04-30', '2020-04-7', N'NV0009')
INSERT INTO TB_CHIPHI VALUES(N'CP00197', N'P009', 656000, 300000, 50000, '2020-05-30', '2020-05-7', N'NV0009')
INSERT INTO TB_CHIPHI VALUES(N'CP00198', N'P009', 1256000, 300000, 50000, '2020-06-30', '2020-06-7', N'NV0009')
INSERT INTO TB_CHIPHI VALUES(N'CP00199', N'P009', 1373000, 300000, 50000, '2020-07-30', '2020-07-7', N'NV0009')
INSERT INTO TB_CHIPHI VALUES(N'CP00200', N'P009', 1220000, 300000, 50000, '2020-08-30', '2020-08-7', N'NV0009')
INSERT INTO TB_CHIPHI VALUES(N'CP00201', N'P009', 1652000, 300000, 50000, '2020-09-30', '2020-09-7', N'NV0009')
INSERT INTO TB_CHIPHI VALUES(N'CP00202', N'P009', 639000, 300000, 50000, '2020-10-30', '2020-10-7', N'NV0009')
INSERT INTO TB_CHIPHI VALUES(N'CP00203', N'P009', 816000, 300000, 50000, '2020-11-30', '2020-11-7', N'NV0009')
INSERT INTO TB_CHIPHI VALUES(N'CP00204', N'P009', 1047000, 300000, 50000, '2020-12-30', '2020-12-7', N'NV0009')
INSERT INTO TB_CHIPHI VALUES(N'CP00205', N'P009', 955000, 300000, 50000, '2021-01-30', '2021-01-7', N'NV0009')
INSERT INTO TB_CHIPHI VALUES(N'CP00206', N'P009', 1176000, 300000, 50000, '2021-02-10', '2021-02-7', N'NV0009')
INSERT INTO TB_CHIPHI VALUES(N'CP00207', N'P009', 1886000, 300000, 50000, '2021-03-30', '2021-03-7', N'NV0009')
INSERT INTO TB_CHIPHI VALUES(N'CP00208', N'P009', 1580000, 300000, 50000, '2021-04-30', '2021-04-7', N'NV0009')
INSERT INTO TB_CHIPHI VALUES(N'CP00209', N'P009', 930000, 300000, 50000, '2021-05-30', '2021-05-7', N'NV0009')
INSERT INTO TB_CHIPHI VALUES(N'CP00210', N'P009', 1597000, 300000, 50000, '2021-06-30', '2021-06-7', N'NV0009')
INSERT INTO TB_CHIPHI VALUES(N'CP00211', N'P009', 552000, 300000, 50000, '2021-07-30', '2021-07-7', N'NV0009')
INSERT INTO TB_CHIPHI VALUES(N'CP00212', N'P009', 1751000, 300000, 50000, '2021-08-30', '2021-08-7', N'NV0009')
INSERT INTO TB_CHIPHI VALUES(N'CP00213', N'P009', 1762000, 300000, 50000, '2021-09-30', '2021-09-7', N'NV0009')
INSERT INTO TB_CHIPHI VALUES(N'CP00214', N'P009', 1529000, 300000, 50000, '2021-10-30', '2021-10-7', N'NV0009')
INSERT INTO TB_CHIPHI VALUES(N'CP00215', N'P009', 857000, 300000, 50000, '2021-11-30', '2021-11-7', N'NV0009')
INSERT INTO TB_CHIPHI VALUES(N'CP00216', N'P009', 908000, 300000, 50000, '2021-12-30', '2021-12-7', N'NV0009')
--chèn dữ liệu vào bảng chi phí cho phòng P0010
INSERT INTO TB_CHIPHI VALUES(N'CP00217', N'P010', 1113000, 300000, 50000, '2020-01-30', '2020-01-7', N'NV0010')
INSERT INTO TB_CHIPHI VALUES(N'CP00218', N'P010', 1696000, 300000, 50000, '2020-02-10', '2020-02-7', N'NV0010')
INSERT INTO TB_CHIPHI VALUES(N'CP00219', N'P010', 537000, 300000, 50000, '2020-03-30', '2020-03-7', N'NV0010')
INSERT INTO TB_CHIPHI VALUES(N'CP00220', N'P010', 1103000, 300000, 50000, '2020-04-30', '2020-04-7', N'NV0010')
INSERT INTO TB_CHIPHI VALUES(N'CP00221', N'P010', 818000, 300000, 50000, '2020-05-30', '2020-05-7', N'NV0010')
INSERT INTO TB_CHIPHI VALUES(N'CP00222', N'P010', 1834000, 300000, 50000, '2020-06-30', '2020-06-7', N'NV0010')
INSERT INTO TB_CHIPHI VALUES(N'CP00223', N'P010', 848000, 300000, 50000, '2020-07-30', '2020-07-7', N'NV0010')
INSERT INTO TB_CHIPHI VALUES(N'CP00224', N'P010', 760000, 300000, 50000, '2020-08-30', '2020-08-7', N'NV0010')
INSERT INTO TB_CHIPHI VALUES(N'CP00225', N'P010', 1926000, 300000, 50000, '2020-09-30', '2020-09-7', N'NV0010')
INSERT INTO TB_CHIPHI VALUES(N'CP00226', N'P010', 694000, 300000, 50000, '2020-10-30', '2020-10-7', N'NV0010')
INSERT INTO TB_CHIPHI VALUES(N'CP00227', N'P010', 1793000, 300000, 50000, '2020-11-30', '2020-11-7', N'NV0010')
INSERT INTO TB_CHIPHI VALUES(N'CP00228', N'P010', 508000, 300000, 50000, '2020-12-30', '2020-12-7', N'NV0010')
INSERT INTO TB_CHIPHI VALUES(N'CP00229', N'P010', 1956000, 300000, 50000, '2021-01-30', '2021-01-7', N'NV0010')
INSERT INTO TB_CHIPHI VALUES(N'CP00230', N'P010', 1053000, 300000, 50000, '2021-02-10', '2021-02-7', N'NV0010')
INSERT INTO TB_CHIPHI VALUES(N'CP00231', N'P010', 545000, 300000, 50000, '2021-03-30', '2021-03-7', N'NV0010')
INSERT INTO TB_CHIPHI VALUES(N'CP00232', N'P010', 1394000, 300000, 50000, '2021-04-30', '2021-04-7', N'NV0010')
INSERT INTO TB_CHIPHI VALUES(N'CP00233', N'P010', 1547000, 300000, 50000, '2021-05-30', '2021-05-7', N'NV0010')
INSERT INTO TB_CHIPHI VALUES(N'CP00234', N'P010', 586000, 300000, 50000, '2021-06-30', '2021-06-7', N'NV0010')
INSERT INTO TB_CHIPHI VALUES(N'CP00235', N'P010', 1175000, 300000, 50000, '2021-07-30', '2021-07-7', N'NV0010')
INSERT INTO TB_CHIPHI VALUES(N'CP00236', N'P010', 1920000, 300000, 50000, '2021-08-30', '2021-08-7', N'NV0010')
INSERT INTO TB_CHIPHI VALUES(N'CP00237', N'P010', 847000, 300000, 50000, '2021-09-30', '2021-09-7', N'NV0010')
INSERT INTO TB_CHIPHI VALUES(N'CP00238', N'P010', 1698000, 300000, 50000, '2021-10-30', '2021-10-7', N'NV0010')
INSERT INTO TB_CHIPHI VALUES(N'CP00239', N'P010', 1960000, 300000, 50000, '2021-11-30', '2021-11-7', N'NV0010')
INSERT INTO TB_CHIPHI VALUES(N'CP00240', N'P010', 1662000, 300000, 50000, '2021-12-30', '2021-12-7', N'NV0010')
--chèn dữ liệu vào bảng chi phí cho phòng P0011
INSERT INTO TB_CHIPHI VALUES(N'CP00241', N'P011', 806000, 300000, 50000, '2020-01-30', '2020-01-7', N'NV0006')
INSERT INTO TB_CHIPHI VALUES(N'CP00242', N'P011', 1129000, 300000, 50000, '2020-02-10', '2020-02-7', N'NV0006')
INSERT INTO TB_CHIPHI VALUES(N'CP00243', N'P011', 779000, 300000, 50000, '2020-03-30', '2020-03-7', N'NV0006')
INSERT INTO TB_CHIPHI VALUES(N'CP00244', N'P011', 1551000, 300000, 50000, '2020-04-30', '2020-04-7', N'NV0006')
INSERT INTO TB_CHIPHI VALUES(N'CP00245', N'P011', 1303000, 300000, 50000, '2020-05-30', '2020-05-7', N'NV0006')
INSERT INTO TB_CHIPHI VALUES(N'CP00246', N'P011', 1196000, 300000, 50000, '2020-06-30', '2020-06-7', N'NV0006')
INSERT INTO TB_CHIPHI VALUES(N'CP00247', N'P011', 1591000, 300000, 50000, '2020-07-30', '2020-07-7', N'NV0006')
INSERT INTO TB_CHIPHI VALUES(N'CP00248', N'P011', 1491000, 300000, 50000, '2020-08-30', '2020-08-7', N'NV0006')
INSERT INTO TB_CHIPHI VALUES(N'CP00249', N'P011', 1803000, 300000, 50000, '2020-09-30', '2020-09-7', N'NV0006')
INSERT INTO TB_CHIPHI VALUES(N'CP00250', N'P011', 1800000, 300000, 50000, '2020-10-30', '2020-10-7', N'NV0006')
INSERT INTO TB_CHIPHI VALUES(N'CP00251', N'P011', 881000, 300000, 50000, '2020-11-30', '2020-11-7', N'NV0006')
INSERT INTO TB_CHIPHI VALUES(N'CP00252', N'P011', 1977000, 300000, 50000, '2020-12-30', '2020-12-7', N'NV0006')
INSERT INTO TB_CHIPHI VALUES(N'CP00253', N'P011', 692000, 300000, 50000, '2021-01-30', '2021-01-7', N'NV0006')
INSERT INTO TB_CHIPHI VALUES(N'CP00254', N'P011', 1358000, 300000, 50000, '2021-02-10', '2021-02-7', N'NV0006')
INSERT INTO TB_CHIPHI VALUES(N'CP00255', N'P011', 1892000, 300000, 50000, '2021-03-30', '2021-03-7', N'NV0006')
INSERT INTO TB_CHIPHI VALUES(N'CP00256', N'P011', 580000, 300000, 50000, '2021-04-30', '2021-04-7', N'NV0006')
INSERT INTO TB_CHIPHI VALUES(N'CP00257', N'P011', 1118000, 300000, 50000, '2021-05-30', '2021-05-7', N'NV0006')
INSERT INTO TB_CHIPHI VALUES(N'CP00258', N'P011', 1047000, 300000, 50000, '2021-06-30', '2021-06-7', N'NV0006')
INSERT INTO TB_CHIPHI VALUES(N'CP00259', N'P011', 1615000, 300000, 50000, '2021-07-30', '2021-07-7', N'NV0006')
INSERT INTO TB_CHIPHI VALUES(N'CP00260', N'P011', 534000, 300000, 50000, '2021-08-30', '2021-08-7', N'NV0006')
INSERT INTO TB_CHIPHI VALUES(N'CP00261', N'P011', 1241000, 300000, 50000, '2021-09-30', '2021-09-7', N'NV0006')
INSERT INTO TB_CHIPHI VALUES(N'CP00262', N'P011', 1023000, 300000, 50000, '2021-10-30', '2021-10-7', N'NV0006')
INSERT INTO TB_CHIPHI VALUES(N'CP00263', N'P011', 1742000, 300000, 50000, '2021-11-30', '2021-11-7', N'NV0006')
INSERT INTO TB_CHIPHI VALUES(N'CP00264', N'P011', 1876000, 300000, 50000, '2021-12-30', '2021-12-7', N'NV0006')
--chèn dữ liệu vào bảng chi phí cho phòng P002
INSERT INTO TB_CHIPHI VALUES(N'CP00265', N'P012', 1947000, 300000, 50000, '2020-01-30', '2020-01-7', N'NV0007')
INSERT INTO TB_CHIPHI VALUES(N'CP00266', N'P012', 1799000, 300000, 50000, '2020-02-14', '2020-02-7', N'NV0007')
INSERT INTO TB_CHIPHI VALUES(N'CP00267', N'P012', 1402000, 300000, 50000, '2020-03-30', '2020-03-7', N'NV0007')
INSERT INTO TB_CHIPHI VALUES(N'CP00268', N'P012', 1968000, 300000, 50000, '2020-04-30', '2020-04-7', N'NV0007')
INSERT INTO TB_CHIPHI VALUES(N'CP00269', N'P012', 753000, 300000, 50000, '2020-05-30', '2020-05-7', N'NV0007')
INSERT INTO TB_CHIPHI VALUES(N'CP00270', N'P012', 772000, 300000, 50000, '2020-06-30', '2020-06-7', N'NV0007')
INSERT INTO TB_CHIPHI VALUES(N'CP00271', N'P012', 769000, 300000, 50000, '2020-07-30', '2020-07-7', N'NV0007')
INSERT INTO TB_CHIPHI VALUES(N'CP00272', N'P012', 554000, 300000, 50000, '2020-08-30', '2020-08-7', N'NV0007')
INSERT INTO TB_CHIPHI VALUES(N'CP00273', N'P012', 999000, 300000, 50000, '2020-09-30', '2020-09-7', N'NV0007')
INSERT INTO TB_CHIPHI VALUES(N'CP00274', N'P012', 1939000, 300000, 50000, '2020-10-30', '2020-10-7', N'NV0007')
INSERT INTO TB_CHIPHI VALUES(N'CP00275', N'P012', 776000, 300000, 50000, '2020-11-30', '2020-11-7', N'NV0007')
INSERT INTO TB_CHIPHI VALUES(N'CP00276', N'P012', 665000, 300000, 50000, '2020-12-30', '2020-12-7', N'NV0007')
INSERT INTO TB_CHIPHI VALUES(N'CP00277', N'P012', 817000, 300000, 50000, '2021-01-30', '2021-01-7', N'NV0007')
INSERT INTO TB_CHIPHI VALUES(N'CP00278', N'P012', 1036000, 300000, 50000, '2021-02-13', '2021-02-7', N'NV0007')
INSERT INTO TB_CHIPHI VALUES(N'CP00279', N'P012', 1311000, 300000, 50000, '2021-03-30', '2021-03-7', N'NV0007')
INSERT INTO TB_CHIPHI VALUES(N'CP00280', N'P012', 932000, 300000, 50000, '2021-04-30', '2021-04-7', N'NV0007')
INSERT INTO TB_CHIPHI VALUES(N'CP00281', N'P012', 1119000, 300000, 50000, '2021-05-30', '2021-05-7', N'NV0007')
INSERT INTO TB_CHIPHI VALUES(N'CP00282', N'P012', 585000, 300000, 50000, '2021-06-30', '2021-06-7', N'NV0007')
INSERT INTO TB_CHIPHI VALUES(N'CP00283', N'P012', 801000, 300000, 50000, '2021-07-30', '2021-07-7', N'NV0007')
INSERT INTO TB_CHIPHI VALUES(N'CP00284', N'P012', 1503000, 300000, 50000, '2021-08-30', '2021-08-7', N'NV0007')
INSERT INTO TB_CHIPHI VALUES(N'CP00285', N'P012', 1478000, 300000, 50000, '2021-09-30', '2021-09-7', N'NV0007')
INSERT INTO TB_CHIPHI VALUES(N'CP00286', N'P012', 1418000, 300000, 50000, '2021-10-30', '2021-10-7', N'NV0007')
INSERT INTO TB_CHIPHI VALUES(N'CP00287', N'P012', 1841000, 300000, 50000, '2021-11-30', '2021-11-7', N'NV0007')
INSERT INTO TB_CHIPHI VALUES(N'CP00288', N'P012', 1584000, 300000, 50000, '2021-12-30', '2021-12-7', N'NV0007')
--chèn dữ liệu vào bảng chi phí cho phòng P0013
INSERT INTO TB_CHIPHI VALUES(N'CP00289', N'P013', 1089000, 300000, 50000, '2020-01-30', '2020-01-7', N'NV0008')
INSERT INTO TB_CHIPHI VALUES(N'CP00290', N'P013', 1319000, 300000, 50000, '2020-02-12', '2020-02-7', N'NV0008')
INSERT INTO TB_CHIPHI VALUES(N'CP00291', N'P013', 1508000, 300000, 50000, '2020-03-30', '2020-03-7', N'NV0008')
INSERT INTO TB_CHIPHI VALUES(N'CP00292', N'P013', 1664000, 300000, 50000, '2020-04-30', '2020-04-7', N'NV0008')
INSERT INTO TB_CHIPHI VALUES(N'CP00293', N'P013', 906000, 300000, 50000, '2020-05-30', '2020-05-7', N'NV0008')
INSERT INTO TB_CHIPHI VALUES(N'CP00294', N'P013', 1747000, 300000, 50000, '2020-06-30', '2020-06-7', N'NV0008')
INSERT INTO TB_CHIPHI VALUES(N'CP00295', N'P013', 728000, 300000, 50000, '2020-07-30', '2020-07-7', N'NV0008')
INSERT INTO TB_CHIPHI VALUES(N'CP00296', N'P013', 947000, 300000, 50000, '2020-08-30', '2020-08-7', N'NV0008')
INSERT INTO TB_CHIPHI VALUES(N'CP00297', N'P013', 1033000, 300000, 50000, '2020-09-30', '2020-09-7', N'NV0008')
INSERT INTO TB_CHIPHI VALUES(N'CP00298', N'P013', 1220000, 300000, 50000, '2020-10-30', '2020-10-7', N'NV0008')
INSERT INTO TB_CHIPHI VALUES(N'CP00299', N'P013', 1391000, 300000, 50000, '2020-11-30', '2020-11-7', N'NV0008')
INSERT INTO TB_CHIPHI VALUES(N'CP00300', N'P013', 1507000, 300000, 50000, '2020-12-30', '2020-12-7', N'NV0008')
INSERT INTO TB_CHIPHI VALUES(N'CP00301', N'P013', 1074000, 300000, 50000, '2021-01-30', '2021-01-7', N'NV0008')
INSERT INTO TB_CHIPHI VALUES(N'CP00302', N'P013', 1462000, 300000, 50000, '2021-02-20', '2021-02-7', N'NV0008')
INSERT INTO TB_CHIPHI VALUES(N'CP00303', N'P013', 744000, 300000, 50000, '2021-03-30', '2021-03-7', N'NV0008')
INSERT INTO TB_CHIPHI VALUES(N'CP00304', N'P013', 1198000, 300000, 50000, '2021-04-30', '2021-04-7', N'NV0008')
INSERT INTO TB_CHIPHI VALUES(N'CP00305', N'P013', 1709000, 300000, 50000, '2021-05-30', '2021-05-7', N'NV0008')
INSERT INTO TB_CHIPHI VALUES(N'CP00306', N'P013', 1268000, 300000, 50000, '2021-06-30', '2021-06-7', N'NV0008')
INSERT INTO TB_CHIPHI VALUES(N'CP00307', N'P013', 1852000, 300000, 50000, '2021-07-30', '2021-07-7', N'NV0008')
INSERT INTO TB_CHIPHI VALUES(N'CP00308', N'P013', 701000, 300000, 50000, '2021-08-30', '2021-08-7', N'NV0008')
INSERT INTO TB_CHIPHI VALUES(N'CP00309', N'P013', 947000, 300000, 50000, '2021-09-30', '2021-09-7', N'NV0008')
INSERT INTO TB_CHIPHI VALUES(N'CP00310', N'P013', 871000, 300000, 50000, '2021-10-30', '2021-10-7', N'NV0008')
INSERT INTO TB_CHIPHI VALUES(N'CP00311', N'P013', 1208000, 300000, 50000, '2021-11-30', '2021-11-7', N'NV0008')
INSERT INTO TB_CHIPHI VALUES(N'CP00312', N'P013', 586000, 300000, 50000, '2021-12-30', '2021-12-7', N'NV0008')
--chèn dữ liệu vào bảng chi phí cho phòng P0014
INSERT INTO TB_CHIPHI VALUES(N'CP00313', N'P014', 836000, 300000, 50000, '2020-01-30', '2020-01-7', N'NV0009')
INSERT INTO TB_CHIPHI VALUES(N'CP00314', N'P014', 1896000, 300000, 50000, '2020-02-10', '2020-02-7', N'NV0009')
INSERT INTO TB_CHIPHI VALUES(N'CP00315', N'P014', 651000, 300000, 50000, '2020-03-30', '2020-03-7', N'NV0009')
INSERT INTO TB_CHIPHI VALUES(N'CP00316', N'P014', 1621000, 300000, 50000, '2020-04-30', '2020-04-7', N'NV0009')
INSERT INTO TB_CHIPHI VALUES(N'CP00317', N'P014', 1887000, 300000, 50000, '2020-05-30', '2020-05-7', N'NV0009')
INSERT INTO TB_CHIPHI VALUES(N'CP00318', N'P014', 1258000, 300000, 50000, '2020-06-30', '2020-06-7', N'NV0009')
INSERT INTO TB_CHIPHI VALUES(N'CP00319', N'P014', 735000, 300000, 50000, '2020-07-30', '2020-07-7', N'NV0009')
INSERT INTO TB_CHIPHI VALUES(N'CP00320', N'P014', 833000, 300000, 50000, '2020-08-30', '2020-08-7', N'NV0009')
INSERT INTO TB_CHIPHI VALUES(N'CP00321', N'P014', 1062000, 300000, 50000, '2020-09-30', '2020-09-7', N'NV0009')
INSERT INTO TB_CHIPHI VALUES(N'CP00322', N'P014', 1318000, 300000, 50000, '2020-10-30', '2020-10-7', N'NV0009')
INSERT INTO TB_CHIPHI VALUES(N'CP00323', N'P014', 1337000, 300000, 50000, '2020-11-30', '2020-11-7', N'NV0009')
INSERT INTO TB_CHIPHI VALUES(N'CP00324', N'P014', 1335000, 300000, 50000, '2020-12-30', '2020-12-7', N'NV0009')
INSERT INTO TB_CHIPHI VALUES(N'CP00325', N'P014', 1341000, 300000, 50000, '2021-01-30', '2021-01-7', N'NV0009')
INSERT INTO TB_CHIPHI VALUES(N'CP00326', N'P014', 1055000, 300000, 50000, '2021-02-20', '2021-02-7', N'NV0009')
INSERT INTO TB_CHIPHI VALUES(N'CP00327', N'P014', 1749000, 300000, 50000, '2021-03-30', '2021-03-7', N'NV0009')
INSERT INTO TB_CHIPHI VALUES(N'CP00328', N'P014', 521000, 300000, 50000, '2021-04-10', '2021-04-7', N'NV0009')
INSERT INTO TB_CHIPHI VALUES(N'CP00329', N'P014', 587000, 300000, 50000, '2021-05-30', '2021-05-7', N'NV0009')
INSERT INTO TB_CHIPHI VALUES(N'CP00330', N'P014', 684000, 300000, 50000, '2021-06-30', '2021-06-7', N'NV0009')
INSERT INTO TB_CHIPHI VALUES(N'CP00331', N'P014', 1477000, 300000, 50000, '2021-07-30', '2021-07-7', N'NV0009')
INSERT INTO TB_CHIPHI VALUES(N'CP00332', N'P014', 1634000, 300000, 50000, '2021-08-30', '2021-08-7', N'NV0009')
INSERT INTO TB_CHIPHI VALUES(N'CP00333', N'P014', 1141000, 300000, 50000, '2021-09-30', '2021-09-7', N'NV0009')
INSERT INTO TB_CHIPHI VALUES(N'CP00334', N'P014', 1358000, 300000, 50000, '2021-10-30', '2021-10-7', N'NV0009')
INSERT INTO TB_CHIPHI VALUES(N'CP00335', N'P014', 1788000, 300000, 50000, '2021-11-30', '2021-11-7', N'NV0009')
INSERT INTO TB_CHIPHI VALUES(N'CP00336', N'P014', 1256000, 300000, 50000, '2021-12-30', '2021-12-7', N'NV0009')
--chèn dữ liệu vào bảng chi phí cho phòng P0015
INSERT INTO TB_CHIPHI VALUES(N'CP00337', N'P015', 583000, 300000, 50000, '2020-01-30', '2020-01-7', N'NV0010')
INSERT INTO TB_CHIPHI VALUES(N'CP00338', N'P015', 573000, 300000, 50000, '2020-02-13', '2020-02-7', N'NV0010')
INSERT INTO TB_CHIPHI VALUES(N'CP00339', N'P015', 1583000, 300000, 50000, '2020-03-30', '2020-03-7', N'NV0010')
INSERT INTO TB_CHIPHI VALUES(N'CP00340', N'P015', 1123000, 300000, 50000, '2020-04-30', '2020-04-7', N'NV0010')
INSERT INTO TB_CHIPHI VALUES(N'CP00341', N'P015', 1067000, 300000, 50000, '2020-05-30', '2020-05-7', N'NV0010')
INSERT INTO TB_CHIPHI VALUES(N'CP00342', N'P015', 1380000, 300000, 50000, '2020-06-30', '2020-06-7', N'NV0010')
INSERT INTO TB_CHIPHI VALUES(N'CP00343', N'P015', 993000, 300000, 50000, '2020-07-30', '2020-07-7', N'NV0010')
INSERT INTO TB_CHIPHI VALUES(N'CP00344', N'P015', 625000, 300000, 50000, '2020-08-30', '2020-08-7', N'NV0010')
INSERT INTO TB_CHIPHI VALUES(N'CP00345', N'P015', 578000, 300000, 50000, '2020-09-30', '2020-09-7', N'NV0010')
INSERT INTO TB_CHIPHI VALUES(N'CP00346', N'P015', 905000, 300000, 50000, '2020-10-30', '2020-10-7', N'NV0010')
INSERT INTO TB_CHIPHI VALUES(N'CP00347', N'P015', 1185000, 300000, 50000, '2020-11-30', '2020-11-7', N'NV0010')
INSERT INTO TB_CHIPHI VALUES(N'CP00348', N'P015', 1325000, 300000, 50000, '2020-12-30', '2020-12-7', N'NV0010')
INSERT INTO TB_CHIPHI VALUES(N'CP00349', N'P015', 1157000, 300000, 50000, '2021-01-30', '2021-01-7', N'NV0010')
INSERT INTO TB_CHIPHI VALUES(N'CP00350', N'P015', 1488000, 300000, 50000, '2021-02-12', '2021-02-7', N'NV0010')
INSERT INTO TB_CHIPHI VALUES(N'CP00351', N'P015', 1229000, 300000, 50000, '2021-03-30', '2021-03-7', N'NV0010')
INSERT INTO TB_CHIPHI VALUES(N'CP00352', N'P015', 1443000, 300000, 50000, '2021-04-30', '2021-04-7', N'NV0010')
INSERT INTO TB_CHIPHI VALUES(N'CP00353', N'P015', 1799000, 300000, 50000, '2021-05-30', '2021-05-7', N'NV0010')
INSERT INTO TB_CHIPHI VALUES(N'CP00354', N'P015', 521000, 300000, 50000, '2021-06-10', '2021-06-7', N'NV0010')
INSERT INTO TB_CHIPHI VALUES(N'CP00355', N'P015', 1933000, 300000, 50000, '2021-07-30', '2021-07-7', N'NV0010')
INSERT INTO TB_CHIPHI VALUES(N'CP00356', N'P015', 1101000, 300000, 50000, '2021-08-30', '2021-08-7', N'NV0010')
INSERT INTO TB_CHIPHI VALUES(N'CP00357', N'P015', 1132000, 300000, 50000, '2021-09-30', '2021-09-7', N'NV0010')
INSERT INTO TB_CHIPHI VALUES(N'CP00358', N'P015', 1904000, 300000, 50000, '2021-10-30', '2021-10-7', N'NV0010')
INSERT INTO TB_CHIPHI VALUES(N'CP00359', N'P015', 1055000, 300000, 50000, '2021-11-30', '2021-11-7', N'NV0010')
INSERT INTO TB_CHIPHI VALUES(N'CP00360', N'P015', 724000, 300000, 50000, '2021-12-30', '2021-12-7', N'NV0010')
--chèn dữ liệu vào bảng chi phí cho phòng P0016
INSERT INTO TB_CHIPHI VALUES(N'CP00361', N'P016', 1929000, 300000, 50000, '2020-01-30', '2020-01-7', N'NV0006')
INSERT INTO TB_CHIPHI VALUES(N'CP00362', N'P016', 895000, 300000, 50000, '2020-02-10', '2020-02-7', N'NV0006')
INSERT INTO TB_CHIPHI VALUES(N'CP00363', N'P016', 1907000, 300000, 50000, '2020-03-30', '2020-03-7', N'NV0006')
INSERT INTO TB_CHIPHI VALUES(N'CP00364', N'P016', 1276000, 300000, 50000, '2020-04-30', '2020-04-7', N'NV0006')
INSERT INTO TB_CHIPHI VALUES(N'CP00365', N'P016', 781000, 300000, 50000, '2020-05-30', '2020-05-7', N'NV0006')
INSERT INTO TB_CHIPHI VALUES(N'CP00366', N'P016', 1581000, 300000, 50000, '2020-06-30', '2020-06-7', N'NV0006')
INSERT INTO TB_CHIPHI VALUES(N'CP00367', N'P016', 885000, 300000, 50000, '2020-07-30', '2020-07-7', N'NV0006')
INSERT INTO TB_CHIPHI VALUES(N'CP00368', N'P016', 1853000, 300000, 50000, '2020-08-30', '2020-08-7', N'NV0006')
INSERT INTO TB_CHIPHI VALUES(N'CP00369', N'P016', 1929000, 300000, 50000, '2020-09-30', '2020-09-7', N'NV0006')
INSERT INTO TB_CHIPHI VALUES(N'CP00370', N'P016', 824000, 300000, 50000, '2020-10-30', '2020-10-7', N'NV0006')
INSERT INTO TB_CHIPHI VALUES(N'CP00371', N'P016', 808000, 300000, 50000, '2020-11-30', '2020-11-7', N'NV0006')
INSERT INTO TB_CHIPHI VALUES(N'CP00372', N'P016', 887000, 300000, 50000, '2020-12-30', '2020-12-7', N'NV0006')
INSERT INTO TB_CHIPHI VALUES(N'CP00373', N'P016', 708000, 300000, 50000, '2021-01-30', '2021-01-7', N'NV0006')
INSERT INTO TB_CHIPHI VALUES(N'CP00374', N'P016', 1291000, 300000, 50000, '2021-02-10', '2021-02-7', N'NV0006')
INSERT INTO TB_CHIPHI VALUES(N'CP00375', N'P016', 840000, 300000, 50000, '2021-03-30', '2021-03-7', N'NV0006')
INSERT INTO TB_CHIPHI VALUES(N'CP00376', N'P016', 1139000, 300000, 50000, '2021-04-30', '2021-04-7', N'NV0006')
INSERT INTO TB_CHIPHI VALUES(N'CP00377', N'P016', 1187000, 300000, 50000, '2021-05-30', '2021-05-7', N'NV0006')
INSERT INTO TB_CHIPHI VALUES(N'CP00378', N'P016', 1382000, 300000, 50000, '2021-06-30', '2021-06-7', N'NV0006')
INSERT INTO TB_CHIPHI VALUES(N'CP00379', N'P016', 1902000, 300000, 50000, '2021-07-30', '2021-07-7', N'NV0006')
INSERT INTO TB_CHIPHI VALUES(N'CP00380', N'P016', 1875000, 300000, 50000, '2021-08-30', '2021-08-7', N'NV0006')
INSERT INTO TB_CHIPHI VALUES(N'CP00381', N'P016', 1857000, 300000, 50000, '2021-09-30', '2021-09-7', N'NV0006')
INSERT INTO TB_CHIPHI VALUES(N'CP00382', N'P016', 1231000, 300000, 50000, '2021-10-30', '2021-10-7', N'NV0006')
INSERT INTO TB_CHIPHI VALUES(N'CP00383', N'P016', 1213000, 300000, 50000, '2021-11-30', '2021-11-7', N'NV0006')
INSERT INTO TB_CHIPHI VALUES(N'CP00384', N'P016', 632000, 300000, 50000, '2021-12-30', '2021-12-7', N'NV0006')
--chèn dữ liệu vào bảng chi phí cho phòng P0017
INSERT INTO TB_CHIPHI VALUES(N'CP00385', N'P017', 1446000, 300000, 50000, '2020-01-30', '2020-01-7', N'NV0007')
INSERT INTO TB_CHIPHI VALUES(N'CP00386', N'P017', 603000, 300000, 50000, '2020-02-10', '2020-02-7', N'NV0007')
INSERT INTO TB_CHIPHI VALUES(N'CP00387', N'P017', 588000, 300000, 50000, '2020-03-30', '2020-03-7', N'NV0007')
INSERT INTO TB_CHIPHI VALUES(N'CP00388', N'P017', 1848000, 300000, 50000, '2020-04-30', '2020-04-7', N'NV0007')
INSERT INTO TB_CHIPHI VALUES(N'CP00389', N'P017', 1426000, 300000, 50000, '2020-05-30', '2020-05-7', N'NV0007')
INSERT INTO TB_CHIPHI VALUES(N'CP00390', N'P017', 1911000, 300000, 50000, '2020-06-30', '2020-06-7', N'NV0007')
INSERT INTO TB_CHIPHI VALUES(N'CP00391', N'P017', 1098000, 300000, 50000, '2020-07-30', '2020-07-7', N'NV0007')
INSERT INTO TB_CHIPHI VALUES(N'CP00392', N'P017', 1223000, 300000, 50000, '2020-08-30', '2020-08-7', N'NV0007')
INSERT INTO TB_CHIPHI VALUES(N'CP00393', N'P017', 681000, 300000, 50000, '2020-09-30', '2020-09-7', N'NV0007')
INSERT INTO TB_CHIPHI VALUES(N'CP00394', N'P017', 1920000, 300000, 50000, '2020-10-30', '2020-10-7', N'NV0007')
INSERT INTO TB_CHIPHI VALUES(N'CP00395', N'P017', 1088000, 300000, 50000, '2020-11-30', '2020-11-7', N'NV0007')
INSERT INTO TB_CHIPHI VALUES(N'CP00396', N'P017', 581000, 300000, 50000, '2020-12-30', '2020-12-7', N'NV0007')
INSERT INTO TB_CHIPHI VALUES(N'CP00397', N'P017', 722000, 300000, 50000, '2021-01-30', '2021-01-7', N'NV0007')
INSERT INTO TB_CHIPHI VALUES(N'CP00398', N'P017', 993000, 300000, 50000, '2021-02-10', '2021-02-7', N'NV0007')
INSERT INTO TB_CHIPHI VALUES(N'CP00399', N'P017', 968000, 300000, 50000, '2021-03-30', '2021-03-7', N'NV0007')
INSERT INTO TB_CHIPHI VALUES(N'CP00400', N'P017', 865000, 300000, 50000, '2021-04-30', '2021-04-7', N'NV0007')
INSERT INTO TB_CHIPHI VALUES(N'CP00401', N'P017', 1167000, 300000, 50000, '2021-05-30', '2021-05-7', N'NV0007')
INSERT INTO TB_CHIPHI VALUES(N'CP00402', N'P017', 1693000, 300000, 50000, '2021-06-30', '2021-06-7', N'NV0007')
INSERT INTO TB_CHIPHI VALUES(N'CP00403', N'P017', 1285000, 300000, 50000, '2021-07-30', '2021-07-7', N'NV0007')
INSERT INTO TB_CHIPHI VALUES(N'CP00404', N'P017', 1200000, 300000, 50000, '2021-08-30', '2021-08-7', N'NV0007')
INSERT INTO TB_CHIPHI VALUES(N'CP00405', N'P017', 1710000, 300000, 50000, '2021-09-30', '2021-09-7', N'NV0007')
INSERT INTO TB_CHIPHI VALUES(N'CP00406', N'P017', 1754000, 300000, 50000, '2021-10-30', '2021-10-7', N'NV0007')
INSERT INTO TB_CHIPHI VALUES(N'CP00407', N'P017', 1697000, 300000, 50000, '2021-11-30', '2021-11-7', N'NV0007')
INSERT INTO TB_CHIPHI VALUES(N'CP00408', N'P017', 698000, 300000, 50000, '2021-12-30', '2021-12-7', N'NV0007')
--chèn dữ liệu vào bảng chi phí cho phòng P0018
INSERT INTO TB_CHIPHI VALUES(N'CP00409', N'P018', 1383000, 300000, 50000, '2020-01-30', '2020-01-7', N'NV0008')
INSERT INTO TB_CHIPHI VALUES(N'CP00410', N'P018', 1090000, 300000, 50000, '2020-02-12', '2020-02-7', N'NV0008')
INSERT INTO TB_CHIPHI VALUES(N'CP00411', N'P018', 1827000, 300000, 50000, '2020-03-30', '2020-03-7', N'NV0008')
INSERT INTO TB_CHIPHI VALUES(N'CP00412', N'P018', 1754000, 300000, 50000, '2020-04-30', '2020-04-7', N'NV0008')
INSERT INTO TB_CHIPHI VALUES(N'CP00413', N'P018', 1630000, 300000, 50000, '2020-05-30', '2020-05-7', N'NV0008')
INSERT INTO TB_CHIPHI VALUES(N'CP00414', N'P018', 1460000, 300000, 50000, '2020-06-30', '2020-06-7', N'NV0008')
INSERT INTO TB_CHIPHI VALUES(N'CP00415', N'P018', 664000, 300000, 50000, '2020-07-30', '2020-07-7', N'NV0008')
INSERT INTO TB_CHIPHI VALUES(N'CP00416', N'P018', 1957000, 300000, 50000, '2020-08-30', '2020-08-7', N'NV0008')
INSERT INTO TB_CHIPHI VALUES(N'CP00417', N'P018', 1502000, 300000, 50000, '2020-09-30', '2020-09-7', N'NV0008')
INSERT INTO TB_CHIPHI VALUES(N'CP00418', N'P018', 1389000, 300000, 50000, '2020-10-30', '2020-10-7', N'NV0008')
INSERT INTO TB_CHIPHI VALUES(N'CP00419', N'P018', 1026000, 300000, 50000, '2020-11-30', '2020-11-7', N'NV0008')
INSERT INTO TB_CHIPHI VALUES(N'CP00420', N'P018', 1704000, 300000, 50000, '2020-12-30', '2020-12-7', N'NV0008')
INSERT INTO TB_CHIPHI VALUES(N'CP00421', N'P018', 1381000, 300000, 50000, '2021-01-30', '2021-01-7', N'NV0008')
INSERT INTO TB_CHIPHI VALUES(N'CP00422', N'P018', 750000, 300000, 50000, '2021-02-12', '2021-02-7', N'NV0008')
INSERT INTO TB_CHIPHI VALUES(N'CP00423', N'P018', 642000, 300000, 50000, '2021-03-30', '2021-03-7', N'NV0008')
INSERT INTO TB_CHIPHI VALUES(N'CP00424', N'P018', 1871000, 300000, 50000, '2021-04-30', '2021-04-7', N'NV0008')
INSERT INTO TB_CHIPHI VALUES(N'CP00425', N'P018', 970000, 300000, 50000, '2021-05-30', '2021-05-7', N'NV0008')
INSERT INTO TB_CHIPHI VALUES(N'CP00426', N'P018', 777000, 300000, 50000, '2021-06-30', '2021-06-7', N'NV0008')
INSERT INTO TB_CHIPHI VALUES(N'CP00427', N'P018', 1393000, 300000, 50000, '2021-07-30', '2021-07-7', N'NV0008')
INSERT INTO TB_CHIPHI VALUES(N'CP00428', N'P018', 1174000, 300000, 50000, '2021-08-30', '2021-08-7', N'NV0008')
INSERT INTO TB_CHIPHI VALUES(N'CP00429', N'P018', 1692000, 300000, 50000, '2021-09-30', '2021-09-7', N'NV0008')
INSERT INTO TB_CHIPHI VALUES(N'CP00430', N'P018', 1757000, 300000, 50000, '2021-10-30', '2021-10-7', N'NV0008')
INSERT INTO TB_CHIPHI VALUES(N'CP00431', N'P018', 1898000, 300000, 50000, '2021-11-30', '2021-11-7', N'NV0008')
INSERT INTO TB_CHIPHI VALUES(N'CP00432', N'P018', 1389000, 300000, 50000, '2021-12-30', '2021-12-7', N'NV0008')
--chèn dữ liệu vào bảng chi phí cho phòng P0019
INSERT INTO TB_CHIPHI VALUES(N'CP00433', N'P019', 592000, 300000, 50000, '2020-01-30', '2020-01-7', N'NV0009')
INSERT INTO TB_CHIPHI VALUES(N'CP00434', N'P019', 719000, 300000, 50000, '2020-02-12', '2020-02-7', N'NV0009')
INSERT INTO TB_CHIPHI VALUES(N'CP00435', N'P019', 537000, 300000, 50000, '2020-03-30', '2020-03-7', N'NV0009')
INSERT INTO TB_CHIPHI VALUES(N'CP00436', N'P019', 684000, 300000, 50000, '2020-04-30', '2020-04-7', N'NV0009')
INSERT INTO TB_CHIPHI VALUES(N'CP00437', N'P019', 1158000, 300000, 50000, '2020-05-30', '2020-05-7', N'NV0009')
INSERT INTO TB_CHIPHI VALUES(N'CP00438', N'P019', 1495000, 300000, 50000, '2020-06-30', '2020-06-7', N'NV0009')
INSERT INTO TB_CHIPHI VALUES(N'CP00439', N'P019', 948000, 300000, 50000, '2020-07-30', '2020-07-7', N'NV0009')
INSERT INTO TB_CHIPHI VALUES(N'CP00440', N'P019', 1286000, 300000, 50000, '2020-08-30', '2020-08-7', N'NV0009')
INSERT INTO TB_CHIPHI VALUES(N'CP00441', N'P019', 1719000, 300000, 50000, '2020-09-30', '2020-09-7', N'NV0009')
INSERT INTO TB_CHIPHI VALUES(N'CP00442', N'P019', 1275000, 300000, 50000, '2020-10-30', '2020-10-7', N'NV0009')
INSERT INTO TB_CHIPHI VALUES(N'CP00443', N'P019', 1362000, 300000, 50000, '2020-11-30', '2020-11-7', N'NV0009')
INSERT INTO TB_CHIPHI VALUES(N'CP00444', N'P019', 1979000, 300000, 50000, '2020-12-30', '2020-12-7', N'NV0009')
INSERT INTO TB_CHIPHI VALUES(N'CP00445', N'P019', 1429000, 300000, 50000, '2021-01-30', '2021-01-7', N'NV0009')
INSERT INTO TB_CHIPHI VALUES(N'CP00446', N'P019', 1436000, 300000, 50000, '2021-02-12', '2021-02-7', N'NV0009')
INSERT INTO TB_CHIPHI VALUES(N'CP00447', N'P019', 1268000, 300000, 50000, '2021-03-30', '2021-03-7', N'NV0009')
INSERT INTO TB_CHIPHI VALUES(N'CP00448', N'P019', 532000, 300000, 50000, '2021-04-30', '2021-04-7', N'NV0009')
INSERT INTO TB_CHIPHI VALUES(N'CP00449', N'P019', 544000, 300000, 50000, '2021-05-30', '2021-05-7', N'NV0009')
INSERT INTO TB_CHIPHI VALUES(N'CP00450', N'P019', 1247000, 300000, 50000, '2021-06-30', '2021-06-7', N'NV0009')
INSERT INTO TB_CHIPHI VALUES(N'CP00451', N'P019', 673000, 300000, 50000, '2021-07-30', '2021-07-7', N'NV0009')
INSERT INTO TB_CHIPHI VALUES(N'CP00452', N'P019', 591000, 300000, 50000, '2021-08-30', '2021-08-7', N'NV0009')
INSERT INTO TB_CHIPHI VALUES(N'CP00453', N'P019', 1190000, 300000, 50000, '2021-09-30', '2021-09-7', N'NV0009')
INSERT INTO TB_CHIPHI VALUES(N'CP00454', N'P019', 1606000, 300000, 50000, '2021-10-30', '2021-10-7', N'NV0009')
INSERT INTO TB_CHIPHI VALUES(N'CP00455', N'P019', 843000, 300000, 50000, '2021-11-30', '2021-11-7', N'NV0009')
INSERT INTO TB_CHIPHI VALUES(N'CP00456', N'P019', 601000, 300000, 50000, '2021-12-30', '2021-12-7', N'NV0009')
--chèn dữ liệu vào bảng chi phí cho phòng P0020
INSERT INTO TB_CHIPHI VALUES(N'CP00457', N'P020', 1279000, 300000, 50000, '2020-01-30', '2020-01-7', N'NV0010')
INSERT INTO TB_CHIPHI VALUES(N'CP00458', N'P020', 711000, 300000, 50000, '2020-02-12', '2020-02-7', N'NV0010')
INSERT INTO TB_CHIPHI VALUES(N'CP00459', N'P020', 811000, 300000, 50000, '2020-03-30', '2020-03-7', N'NV0010')
INSERT INTO TB_CHIPHI VALUES(N'CP00460', N'P020', 826000, 300000, 50000, '2020-04-30', '2020-04-7', N'NV0010')
INSERT INTO TB_CHIPHI VALUES(N'CP00461', N'P020', 589000, 300000, 50000, '2020-05-30', '2020-05-7', N'NV0010')
INSERT INTO TB_CHIPHI VALUES(N'CP00462', N'P020', 1155000, 300000, 50000, '2020-06-30', '2020-06-7', N'NV0010')
INSERT INTO TB_CHIPHI VALUES(N'CP00463', N'P020', 938000, 300000, 50000, '2020-07-30', '2020-07-7', N'NV0010')
INSERT INTO TB_CHIPHI VALUES(N'CP00464', N'P020', 1606000, 300000, 50000, '2020-08-30', '2020-08-7', N'NV0010')
INSERT INTO TB_CHIPHI VALUES(N'CP00465', N'P020', 773000, 300000, 50000, '2020-09-30', '2020-09-7', N'NV0010')
INSERT INTO TB_CHIPHI VALUES(N'CP00466', N'P020', 1200000, 300000, 50000, '2020-10-30', '2020-10-7', N'NV0010')
INSERT INTO TB_CHIPHI VALUES(N'CP00467', N'P020', 1468000, 300000, 50000, '2020-11-30', '2020-11-7', N'NV0010')
INSERT INTO TB_CHIPHI VALUES(N'CP00468', N'P020', 1792000, 300000, 50000, '2020-12-30', '2020-12-7', N'NV0010')
INSERT INTO TB_CHIPHI VALUES(N'CP00469', N'P020', 700000, 300000, 50000, '2021-01-30', '2021-01-7', N'NV0010')
INSERT INTO TB_CHIPHI VALUES(N'CP00470', N'P020', 1032000, 300000, 50000, '2021-02-13', '2021-02-7', N'NV0010')
INSERT INTO TB_CHIPHI VALUES(N'CP00471', N'P020', 1268000, 300000, 50000, '2021-03-30', '2021-03-7', N'NV0010')
INSERT INTO TB_CHIPHI VALUES(N'CP00472', N'P020', 1539000, 300000, 50000, '2021-04-30', '2021-04-7', N'NV0010')
INSERT INTO TB_CHIPHI VALUES(N'CP00473', N'P020', 957000, 300000, 50000, '2021-05-30', '2021-05-7', N'NV0010')
INSERT INTO TB_CHIPHI VALUES(N'CP00474', N'P020', 1464000, 300000, 50000, '2021-06-30', '2021-06-7', N'NV0010')
INSERT INTO TB_CHIPHI VALUES(N'CP00475', N'P020', 542000, 300000, 50000, '2021-07-30', '2021-07-7', N'NV0010')
INSERT INTO TB_CHIPHI VALUES(N'CP00476', N'P020', 1574000, 300000, 50000, '2021-08-30', '2021-08-7', N'NV0010')
INSERT INTO TB_CHIPHI VALUES(N'CP00477', N'P020', 938000, 300000, 50000, '2021-09-30', '2021-09-7', N'NV0010')
INSERT INTO TB_CHIPHI VALUES(N'CP00478', N'P020', 1683000, 300000, 50000, '2021-10-30', '2021-10-7', N'NV0010')
INSERT INTO TB_CHIPHI VALUES(N'CP00479', N'P020', 733000, 300000, 50000, '2021-11-30', '2021-11-7', N'NV0010')
INSERT INTO TB_CHIPHI VALUES(N'CP00480', N'P020', 1897000, 300000, 50000, '2021-12-30', '2021-12-7', N'NV0010')
--chèn dữ liệu vào bảng chi phí cho phòng P0021
INSERT INTO TB_CHIPHI VALUES(N'CP00481', N'P021', 581000, 300000, 50000, '2020-01-30', '2020-01-7', N'NV0006')
INSERT INTO TB_CHIPHI VALUES(N'CP00482', N'P021', 1327000, 300000, 50000, '2020-02-16', '2020-02-7', N'NV0006')
INSERT INTO TB_CHIPHI VALUES(N'CP00483', N'P021', 1570000, 300000, 50000, '2020-03-30', '2020-03-7', N'NV0006')
INSERT INTO TB_CHIPHI VALUES(N'CP00484', N'P021', 1702000, 300000, 50000, '2020-04-30', '2020-04-7', N'NV0006')
INSERT INTO TB_CHIPHI VALUES(N'CP00485', N'P021', 594000, 300000, 50000, '2020-05-30', '2020-05-7', N'NV0006')
INSERT INTO TB_CHIPHI VALUES(N'CP00486', N'P021', 1910000, 300000, 50000, '2020-06-30', '2020-06-7', N'NV0006')
INSERT INTO TB_CHIPHI VALUES(N'CP00487', N'P021', 1928000, 300000, 50000, '2020-07-30', '2020-07-7', N'NV0006')
INSERT INTO TB_CHIPHI VALUES(N'CP00488', N'P021', 821000, 300000, 50000, '2020-08-30', '2020-08-7', N'NV0006')
INSERT INTO TB_CHIPHI VALUES(N'CP00489', N'P021', 1555000, 300000, 50000, '2020-09-30', '2020-09-7', N'NV0006')
INSERT INTO TB_CHIPHI VALUES(N'CP00490', N'P021', 1655000, 300000, 50000, '2020-10-30', '2020-10-7', N'NV0006')
INSERT INTO TB_CHIPHI VALUES(N'CP00491', N'P021', 1022000, 300000, 50000, '2020-11-30', '2020-11-7', N'NV0006')
INSERT INTO TB_CHIPHI VALUES(N'CP00492', N'P021', 842000, 300000, 50000, '2020-12-30', '2020-12-7', N'NV0006')
INSERT INTO TB_CHIPHI VALUES(N'CP00493', N'P021', 662000, 300000, 50000, '2021-01-30', '2021-01-7', N'NV0006')
INSERT INTO TB_CHIPHI VALUES(N'CP00494', N'P021', 956000, 300000, 50000, '2021-02-15', '2021-02-7', N'NV0006')
INSERT INTO TB_CHIPHI VALUES(N'CP00495', N'P021', 904000, 300000, 50000, '2021-03-30', '2021-03-7', N'NV0006')
INSERT INTO TB_CHIPHI VALUES(N'CP00496', N'P021', 932000, 300000, 50000, '2021-04-30', '2021-04-7', N'NV0006')
INSERT INTO TB_CHIPHI VALUES(N'CP00497', N'P021', 1227000, 300000, 50000, '2021-05-30', '2021-05-7', N'NV0006')
INSERT INTO TB_CHIPHI VALUES(N'CP00498', N'P021', 540000, 300000, 50000, '2021-06-30', '2021-06-7', N'NV0006')
INSERT INTO TB_CHIPHI VALUES(N'CP00499', N'P021', 1267000, 300000, 50000, '2021-07-30', '2021-07-7', N'NV0006')
INSERT INTO TB_CHIPHI VALUES(N'CP00500', N'P021', 690000, 300000, 50000, '2021-08-30', '2021-08-7', N'NV0006')
INSERT INTO TB_CHIPHI VALUES(N'CP00501', N'P021', 1811000, 300000, 50000, '2021-09-30', '2021-09-7', N'NV0006')
INSERT INTO TB_CHIPHI VALUES(N'CP00502', N'P021', 1726000, 300000, 50000, '2021-10-30', '2021-10-7', N'NV0006')
INSERT INTO TB_CHIPHI VALUES(N'CP00503', N'P021', 817000, 300000, 50000, '2021-11-30', '2021-11-7', N'NV0006')
INSERT INTO TB_CHIPHI VALUES(N'CP00504', N'P021', 1789000, 300000, 50000, '2021-12-30', '2021-12-7', N'NV0006')
--chèn dữ liệu vào bảng chi phí cho phòng P0022
INSERT INTO TB_CHIPHI VALUES(N'CP00505', N'P022', 962000, 300000, 50000, '2020-01-30', '2020-01-7', N'NV0007')
INSERT INTO TB_CHIPHI VALUES(N'CP00506', N'P022', 1757000, 300000, 50000, '2020-02-17', '2020-02-7', N'NV0007')
INSERT INTO TB_CHIPHI VALUES(N'CP00507', N'P022', 762000, 300000, 50000, '2020-03-30', '2020-03-7', N'NV0007')
INSERT INTO TB_CHIPHI VALUES(N'CP00508', N'P022', 1914000, 300000, 50000, '2020-04-30', '2020-04-7', N'NV0007')
INSERT INTO TB_CHIPHI VALUES(N'CP00509', N'P022', 1406000, 300000, 50000, '2020-05-30', '2020-05-7', N'NV0007')
INSERT INTO TB_CHIPHI VALUES(N'CP00510', N'P022', 1752000, 300000, 50000, '2020-06-30', '2020-06-7', N'NV0007')
INSERT INTO TB_CHIPHI VALUES(N'CP00511', N'P022', 506000, 300000, 50000, '2020-07-30', '2020-07-7', N'NV0007')
INSERT INTO TB_CHIPHI VALUES(N'CP00512', N'P022', 1428000, 300000, 50000, '2020-08-30', '2020-08-7', N'NV0007')
INSERT INTO TB_CHIPHI VALUES(N'CP00513', N'P022', 1012000, 300000, 50000, '2020-09-30', '2020-09-7', N'NV0007')
INSERT INTO TB_CHIPHI VALUES(N'CP00514', N'P022', 1506000, 300000, 50000, '2020-10-30', '2020-10-7', N'NV0007')
INSERT INTO TB_CHIPHI VALUES(N'CP00515', N'P022', 1884000, 300000, 50000, '2020-11-30', '2020-11-7', N'NV0007')
INSERT INTO TB_CHIPHI VALUES(N'CP00516', N'P022', 1261000, 300000, 50000, '2020-12-30', '2020-12-7', N'NV0007')
INSERT INTO TB_CHIPHI VALUES(N'CP00517', N'P022', 639000, 300000, 50000, '2021-01-30', '2021-01-7', N'NV0007')
INSERT INTO TB_CHIPHI VALUES(N'CP00518', N'P022', 1225000, 300000, 50000, '2021-02-18', '2021-02-7', N'NV0007')
INSERT INTO TB_CHIPHI VALUES(N'CP00519', N'P022', 626000, 300000, 50000, '2021-03-30', '2021-03-7', N'NV0007')
INSERT INTO TB_CHIPHI VALUES(N'CP00520', N'P022', 863000, 300000, 50000, '2021-04-30', '2021-04-7', N'NV0007')
INSERT INTO TB_CHIPHI VALUES(N'CP00521', N'P022', 1813000, 300000, 50000, '2021-05-30', '2021-05-7', N'NV0007')
INSERT INTO TB_CHIPHI VALUES(N'CP00522', N'P022', 1638000, 300000, 50000, '2021-06-30', '2021-06-7', N'NV0007')
INSERT INTO TB_CHIPHI VALUES(N'CP00523', N'P022', 621000, 300000, 50000, '2021-07-30', '2021-07-7', N'NV0007')
INSERT INTO TB_CHIPHI VALUES(N'CP00524', N'P022', 1066000, 300000, 50000, '2021-08-30', '2021-08-7', N'NV0007')
INSERT INTO TB_CHIPHI VALUES(N'CP00525', N'P022', 1709000, 300000, 50000, '2021-09-30', '2021-09-7', N'NV0007')
INSERT INTO TB_CHIPHI VALUES(N'CP00526', N'P022', 1282000, 300000, 50000, '2021-10-30', '2021-10-7', N'NV0007')
INSERT INTO TB_CHIPHI VALUES(N'CP00527', N'P022', 1349000, 300000, 50000, '2021-11-30', '2021-11-7', N'NV0007')
INSERT INTO TB_CHIPHI VALUES(N'CP00528', N'P022', 1350000, 300000, 50000, '2021-12-30', '2021-12-7', N'NV0007')
--chèn dữ liệu vào bảng chi phí cho phòng P0023
INSERT INTO TB_CHIPHI VALUES(N'CP00529', N'P023', 893000, 300000, 50000, '2020-01-30', '2020-01-7', N'NV0008')
INSERT INTO TB_CHIPHI VALUES(N'CP00530', N'P023', 1317000, 300000, 50000, '2020-02-19', '2020-02-7', N'NV0008')
INSERT INTO TB_CHIPHI VALUES(N'CP00531', N'P023', 1392000, 300000, 50000, '2020-03-30', '2020-03-7', N'NV0008')
INSERT INTO TB_CHIPHI VALUES(N'CP00532', N'P023', 1813000, 300000, 50000, '2020-04-30', '2020-04-7', N'NV0008')
INSERT INTO TB_CHIPHI VALUES(N'CP00533', N'P023', 1673000, 300000, 50000, '2020-05-30', '2020-05-7', N'NV0008')
INSERT INTO TB_CHIPHI VALUES(N'CP00534', N'P023', 835000, 300000, 50000, '2020-06-30', '2020-06-7', N'NV0008')
INSERT INTO TB_CHIPHI VALUES(N'CP00535', N'P023', 1448000, 300000, 50000, '2020-07-30', '2020-07-7', N'NV0008')
INSERT INTO TB_CHIPHI VALUES(N'CP00536', N'P023', 765000, 300000, 50000, '2020-08-30', '2020-08-7', N'NV0008')
INSERT INTO TB_CHIPHI VALUES(N'CP00537', N'P023', 1295000, 300000, 50000, '2020-09-30', '2020-09-7', N'NV0008')
INSERT INTO TB_CHIPHI VALUES(N'CP00538', N'P023', 1126000, 300000, 50000, '2020-10-30', '2020-10-7', N'NV0008')
INSERT INTO TB_CHIPHI VALUES(N'CP00539', N'P023', 1008000, 300000, 50000, '2020-11-30', '2020-11-7', N'NV0008')
INSERT INTO TB_CHIPHI VALUES(N'CP00540', N'P023', 1736000, 300000, 50000, '2020-12-30', '2020-12-7', N'NV0008')
INSERT INTO TB_CHIPHI VALUES(N'CP00541', N'P023', 1404000, 300000, 50000, '2021-01-30', '2021-01-7', N'NV0008')
INSERT INTO TB_CHIPHI VALUES(N'CP00542', N'P023', 758000, 300000, 50000, '2021-02-20', '2021-02-7', N'NV0008')
INSERT INTO TB_CHIPHI VALUES(N'CP00543', N'P023', 755000, 300000, 50000, '2021-03-30', '2021-03-7', N'NV0008')
INSERT INTO TB_CHIPHI VALUES(N'CP00544', N'P023', 1547000, 300000, 50000, '2021-04-30', '2021-04-7', N'NV0008')
INSERT INTO TB_CHIPHI VALUES(N'CP00545', N'P023', 1321000, 300000, 50000, '2021-05-30', '2021-05-7', N'NV0008')
INSERT INTO TB_CHIPHI VALUES(N'CP00546', N'P023', 1924000, 300000, 50000, '2021-06-30', '2021-06-7', N'NV0008')
INSERT INTO TB_CHIPHI VALUES(N'CP00547', N'P023', 1741000, 300000, 50000, '2021-07-30', '2021-07-7', N'NV0008')
INSERT INTO TB_CHIPHI VALUES(N'CP00548', N'P023', 625000, 300000, 50000, '2021-08-30', '2021-08-7', N'NV0008')
INSERT INTO TB_CHIPHI VALUES(N'CP00549', N'P023', 1652000, 300000, 50000, '2021-09-30', '2021-09-7', N'NV0008')
INSERT INTO TB_CHIPHI VALUES(N'CP00550', N'P023', 1103000, 300000, 50000, '2021-10-30', '2021-10-7', N'NV0008')
INSERT INTO TB_CHIPHI VALUES(N'CP00551', N'P023', 1570000, 300000, 50000, '2021-11-30', '2021-011-7', N'NV0008')
INSERT INTO TB_CHIPHI VALUES(N'CP00552', N'P023', 876000, 300000, 50000, '2021-12-30', '2021-012-7', N'NV0008')
--chèn dữ liệu vào bảng chi phí cho phòng P0024
INSERT INTO TB_CHIPHI VALUES(N'CP00553', N'P024', 1635000, 300000, 50000, '2020-01-30', '2020-01-7', N'NV0009')
INSERT INTO TB_CHIPHI VALUES(N'CP00554', N'P024', 1738000, 300000, 50000, '2020-02-14', '2020-02-7', N'NV0009')
INSERT INTO TB_CHIPHI VALUES(N'CP00555', N'P024', 1513000, 300000, 50000, '2020-03-30', '2020-03-7', N'NV0009')
INSERT INTO TB_CHIPHI VALUES(N'CP00556', N'P024', 1620000, 300000, 50000, '2020-04-30', '2020-04-7', N'NV0009')
INSERT INTO TB_CHIPHI VALUES(N'CP00557', N'P024', 1867000, 300000, 50000, '2020-05-30', '2020-05-7', N'NV0009')
INSERT INTO TB_CHIPHI VALUES(N'CP00558', N'P024', 1734000, 300000, 50000, '2020-06-30', '2020-06-7', N'NV0009')
INSERT INTO TB_CHIPHI VALUES(N'CP00559', N'P024', 1767000, 300000, 50000, '2020-07-30', '2020-07-7', N'NV0009')
INSERT INTO TB_CHIPHI VALUES(N'CP00560', N'P024', 829000, 300000, 50000, '2020-08-30', '2020-08-7', N'NV0009')
INSERT INTO TB_CHIPHI VALUES(N'CP00561', N'P024', 809000, 300000, 50000, '2020-09-30', '2020-09-7', N'NV0009')
INSERT INTO TB_CHIPHI VALUES(N'CP00562', N'P024', 1776000, 300000, 50000, '2020-10-30', '2020-10-7', N'NV0009')
INSERT INTO TB_CHIPHI VALUES(N'CP00563', N'P024', 1138000, 300000, 50000, '2020-11-30', '2020-11-7', N'NV0009')
INSERT INTO TB_CHIPHI VALUES(N'CP00564', N'P024', 1115000, 300000, 50000, '2020-12-30', '2020-12-7', N'NV0009')
INSERT INTO TB_CHIPHI VALUES(N'CP00565', N'P024', 1747000, 300000, 50000, '2021-01-30', '2021-01-7', N'NV0009')
INSERT INTO TB_CHIPHI VALUES(N'CP00566', N'P024', 1806000, 300000, 50000, '2021-02-12', '2021-02-7', N'NV0009')
INSERT INTO TB_CHIPHI VALUES(N'CP00567', N'P024', 1157000, 300000, 50000, '2021-03-30', '2021-03-7', N'NV0009')
INSERT INTO TB_CHIPHI VALUES(N'CP00568', N'P024', 615000, 300000, 50000, '2021-04-30', '2021-04-7', N'NV0009')
INSERT INTO TB_CHIPHI VALUES(N'CP00569', N'P024', 1419000, 300000, 50000, '2021-05-30', '2021-05-7', N'NV0009')
INSERT INTO TB_CHIPHI VALUES(N'CP00570', N'P024', 995000, 300000, 50000, '2021-06-30', '2021-06-7', N'NV0009')
INSERT INTO TB_CHIPHI VALUES(N'CP00571', N'P024', 635000, 300000, 50000, '2021-07-30', '2021-07-7', N'NV0009')
INSERT INTO TB_CHIPHI VALUES(N'CP00572', N'P024', 613000, 300000, 50000, '2021-08-30', '2021-08-7', N'NV0009')
INSERT INTO TB_CHIPHI VALUES(N'CP00573', N'P024', 1515000, 300000, 50000, '2021-09-30', '2021-09-7', N'NV0009')
INSERT INTO TB_CHIPHI VALUES(N'CP00574', N'P024', 1126000, 300000, 50000, '2021-10-30', '2021-10-7', N'NV0009')
INSERT INTO TB_CHIPHI VALUES(N'CP00575', N'P024', 1745000, 300000, 50000, '2021-11-30', '2021-11-7', N'NV0009')
INSERT INTO TB_CHIPHI VALUES(N'CP00576', N'P024', 1993000, 300000, 50000, '2021-12-30', '2021-12-7', N'NV0009')

