-- Insert
use QLI_KTX
-- chèn bảng lớp
insert into TB_LOP values(N'L000001',N' CNTT1') ;
insert into TB_LOP values(N'L000002',N' CNTT2') ;
insert into TB_LOP values(N'L000003',N' CNTT3') ;
insert into TB_LOP values(N'L000004',N' CNTT4') ;
insert into TB_LOP values(N'L000005',N' CNTT5') ;
insert into TB_LOP values(N'L000006',N' CNTT6') ;
insert into TB_LOP values(N'L000007',N' KTVT1') ;
insert into TB_LOP values(N'L000008',N' KTVT2') ;
insert into TB_LOP values(N'L000009',N' KTVT3') ;
insert into TB_LOP values(N'L000010',N' KTVT4') ;
insert into TB_LOP values(N'L000011',N' KTVT5') ;
insert into TB_LOP values(N'L000012',N' KTVT6') ;
insert into TB_LOP values(N'L000013',N' KTVT7') ;
insert into TB_LOP values(N'L000014',N' CK1') ;
insert into TB_LOP values(N'L000015',N' CK2') ;
insert into TB_LOP values(N'L000016',N' CK3') ;
insert into TB_LOP values(N'L000017',N' CK4') ;
insert into TB_LOP values(N'L000018',N' CK5') ;
insert into TB_LOP values(N'L000019',N' CK6') ;
insert into TB_LOP values(N'L000020',N' CK7') ;
-- chèn bảng Khoa
insert into TB_KHOA values(N'K000001',N' CNTT') ;
insert into TB_KHOA values(N'K000002',N' KTVT') ;
insert into TB_KHOA values(N'K000003',N' CK') ;
-- chèn bảng sinh viên
insert into TB_SINHVIEN values(N'SV0001', N'Phạm Tuấn Tú', N'0978021816','2002/11/20', N'Quảng Nam', N'Nữ', N'K000002', N'L000009',N'HD0001')
insert into TB_SINHVIEN values(N'SV0002', N'Mai Hoàng Nam', N'0366878852','2002/12/20', N' Hà Nội', N'Nam', N'K000002', N'L000008',N'HD0002')
insert into TB_SINHVIEN values(N'SV0003', N'Mai Hoàng Nam', N'01666878854','2001/01/20', N'Nam Định', N'Nữ', N'K000002', N'L000013',N'HD0003')
insert into TB_SINHVIEN values(N'SV0004', N'Chu Xuân Linh', N'01666878854','2001/10/10', N'Hà Nam', N'Nữ', N'K000002', N'L000012',N'HD0004')
insert into TB_SINHVIEN values(N'SV0005', N'Ngô Doãn Tình', N'01666878854','2002/11/20', N'Nam Định', N'Nam', N'K000003', N'L000019',N'HD0005')
insert into TB_SINHVIEN values(N'SV0006', N'Hoàng Vũ Thanh Thủy', N'0978054817','2001/01/20', N'Quảng Nam', N'Nữ', N'K000002', N'L000014',N'HD0006')
insert into TB_SINHVIEN values(N'SV0007', N'Ngô Doãn Tình', N'01666878854','2002/11/20', N' Thái Nguyên', N'Nữ', N'K000002', N'L000012',N'HD0007')
insert into TB_SINHVIEN values(N'SV0008', N'Nguyễn Thành Đô', N'01666878854','2001/01/20', N' Hà Nội', N'Nam', N'K000003', N'L000021',N'HD0008')
insert into TB_SINHVIEN values(N'SV0009', N'Dương Xuân Tùng', N'0978054817','2001/10/20', N' Quảng Bình', N'Nữ', N'K000001', N'L000001',N'HD0009')
insert into TB_SINHVIEN values(N'SV0010', N'Lê Hoàng Sơn', N'0366878852','2002/12/20', N'Hải Dương', N'Nam', N'K000003', N'L000019',N'HD0010')
insert into TB_SINHVIEN values(N'SV0011', N'Chu Xuân Linh', N'01666878854','2002/12/20', N'Hải Dương', N'Nam', N'K000003', N'L000015',N'HD0011')
insert into TB_SINHVIEN values(N'SV0012', N'Trần Văn Cương', N'0978021816','2001/10/20', N' Quảng Bình', N'Nữ', N'K000001', N'L000004',N'HD0012')
insert into TB_SINHVIEN values(N'SV0013', N'Lê Hoàng Sơn', N'0978021816','2001/01/20', N'Quảng Nam', N'Nam', N'K000001', N'L000003',N'HD0013')
insert into TB_SINHVIEN values(N'SV0014', N'Dương Xuân Tùng', N'0978054817','2002/11/20', N'Bắc Giang', N'Nữ', N'K000002', N'L000009',N'HD0014')
insert into TB_SINHVIEN values(N'SV0015', N'Dương Xuân Tùng', N'0366878852','2001/10/10', N' Hà Nội', N'Nam', N'K000002', N'L000013',N'HD0015')
insert into TB_SINHVIEN values(N'SV0016', N'Dương Xuân Tùng', N'0978054817','2002/12/20', N'Hải Dương', N'Nam', N'K000003', N'L000015',N'HD0016')
insert into TB_SINHVIEN values(N'SV0017', N'Trần Văn Cương', N'0978021816','2001/10/10', N' Quảng Bình', N'Nam', N'K000003', N'L000016',N'HD0017')
insert into TB_SINHVIEN values(N'SV0018', N'Nguyễn Thanh Tùng', N'0366878852','2001/10/20', N'Nam Định', N'Nữ', N'K000001', N'L000006',N'HD0018')
insert into TB_SINHVIEN values(N'SV0019', N'Chu Xuân Linh', N'0366878852','2001/10/10', N' Thái Nguyên', N'Nam', N'K000001', N'L000003',N'HD0019')
insert into TB_SINHVIEN values(N'SV0020', N'Dương Xuân Tùng', N'0366878852','2002/12/20', N'Hải Phòng', N'Nam', N'K000002', N'L000012',N'HD0020')
insert into TB_SINHVIEN values(N'SV0021', N'Trần Văn Cương', N'0978021816','2001/10/20', N'Quảng Ninh', N'Nam', N'K000003', N'L000015',N'HD0021')
insert into TB_SINHVIEN values(N'SV0022', N'Ngô Doãn Tình', N'0978054817','2002/11/20', N'Bắc Giang', N'Nữ', N'K000003', N'L000020',N'HD0022')
insert into TB_SINHVIEN values(N'SV0023', N'Nguyễn Thanh Tùng', N'0978054817','2001/10/10', N'Bắc Giang', N'Nam', N'K000001', N'L000001',N'HD0023')
insert into TB_SINHVIEN values(N'SV0024', N'Ngô Doãn Tình', N'0978054817','2001/10/10', N'Hải Dương', N'Nữ', N'K000002', N'L000008',N'HD0024')
insert into TB_SINHVIEN values(N'SV0025', N'Dương Xuân Tùng', N'0366878852','2002/12/20', N' Quảng Bình', N'Nam', N'K000002', N'L000014',N'HD0025')
insert into TB_SINHVIEN values(N'SV0026', N'Nguyễn Thành Đô', N'0978054817','2001/01/20', N'Hải Phòng', N'Nam', N'K000001', N'L000004',N'HD0026')
insert into TB_SINHVIEN values(N'SV0027', N'Trần Văn Cương', N'0366878852','2001/01/20', N'Quảng Ninh', N'Nam', N'K000003', N'L000018',N'HD0027')
insert into TB_SINHVIEN values(N'SV0028', N'Nguyễn Thành Đô', N'0978054817','2001/10/20', N'Hải Dương', N'Nam', N'K000001', N'L000004',N'HD0028')
insert into TB_SINHVIEN values(N'SV0029', N'Lê Hoàng Sơn', N'0366878852','2002/12/20', N'Bắc Giang', N'Nữ', N'K000003', N'L000016',N'HD0029')
insert into TB_SINHVIEN values(N'SV0030', N'Hoàng Vũ Thanh Thủy', N'0366878852','2002/12/20', N'Nam Định', N'Nam', N'K000001', N'L000005',N'HD0030')
insert into TB_SINHVIEN values(N'SV0031', N'Phạm Tuấn Tú', N'01666878854','2001/10/10', N' Quảng Bình', N'Nữ', N'K000003', N'L000016',N'HD0031')
insert into TB_SINHVIEN values(N'SV0032', N'Nguyễn Văn Đồng', N'0978021816','2001/10/20', N' Hà Nội', N'Nam', N'K000001', N'L000002',N'HD0032')
insert into TB_SINHVIEN values(N'SV0033', N'Hoàng Vũ Thanh Thủy', N'0978054817','2001/10/10', N' Thái Nguyên', N'Nữ', N'K000003', N'L000017',N'HD0033')
insert into TB_SINHVIEN values(N'SV0034', N'Ngô Doãn Tình', N'01666878854','2001/01/20', N'Hà Nam', N'Nam', N'K000002', N'L000014',N'HD0034')
insert into TB_SINHVIEN values(N'SV0035', N'Phạm Tuấn Tú', N'0978021816','2002/11/20', N'Nam Định', N'Nam', N'K000001', N'L000005',N'HD0035')
insert into TB_SINHVIEN values(N'SV0036', N'Nguyễn Văn Đồng', N'0366878852','2002/11/20', N' Thái Nguyên', N'Nam', N'K000001', N'L000001',N'HD0036')
insert into TB_SINHVIEN values(N'SV0037', N'Trần Văn Cương', N'0366878852','2001/10/10', N'Quảng Nam', N'Nữ', N'K000003', N'L000019',N'HD0037')
insert into TB_SINHVIEN values(N'SV0038', N'Nguyễn Văn Đồng', N'01666878854','2002/12/20', N'Hải Dương', N'Nam', N'K000003', N'L000019',N'HD0038')
insert into TB_SINHVIEN values(N'SV0039', N'Nguyễn Văn Đồng', N'01666878854','2002/12/20', N' Hà Nội', N'Nam', N'K000003', N'L000018',N'HD0039')
insert into TB_SINHVIEN values(N'SV0040', N'Mai Hoàng Nam', N'0978021816','2001/10/20', N'Quảng Ninh', N'Nữ', N'K000001', N'L000003',N'HD0040')
insert into TB_SINHVIEN values(N'SV0041', N'Dương Xuân Tùng', N'01666878854','2001/10/10', N'Hà Nam', N'Nam', N'K000003', N'L000015',N'HD0041')
insert into TB_SINHVIEN values(N'SV0042', N'Trần Văn Cương', N'0978021816','2001/10/10', N'Hải Dương', N'Nữ', N'K000003', N'L000015',N'HD0042')
insert into TB_SINHVIEN values(N'SV0043', N'Trần Văn Cương', N'0978021816','2001/10/10', N'Bắc Giang', N'Nữ', N'K000001', N'L000006',N'HD0043')
insert into TB_SINHVIEN values(N'SV0044', N'Nguyễn Thành Đô', N'01666878854','2001/10/10', N' Hà Nội', N'Nam', N'K000002', N'L000010',N'HD0044')
insert into TB_SINHVIEN values(N'SV0045', N'Hoàng Vũ Thanh Thủy', N'0978054817','2002/11/20', N'Nam Định', N'Nam', N'K000001', N'L000002',N'HD0045')
insert into TB_SINHVIEN values(N'SV0046', N'Dương Xuân Tùng', N'0978054817','2001/10/20', N'Quảng Nam', N'Nữ', N'K000003', N'L000016',N'HD0046')
insert into TB_SINHVIEN values(N'SV0047', N'Mai Hoàng Nam', N'01666878854','2002/12/20', N'Hà Nam', N'Nữ', N'K000003', N'L000015',N'HD0047')
insert into TB_SINHVIEN values(N'SV0048', N'Trần Văn Cương', N'0978054817','2002/12/20', N' Quảng Bình', N'Nữ', N'K000001', N'L000003',N'HD0048')
insert into TB_SINHVIEN values(N'SV0049', N'Lê Hoàng Sơn', N'0978054817','2001/10/20', N' Quảng Bình', N'Nữ', N'K000001', N'L000001',N'HD0049')
insert into TB_SINHVIEN values(N'SV0050', N'Hoàng Vũ Thanh Thủy', N'0366878852','2001/01/20', N' Quảng Bình', N'Nam', N'K000003', N'L000018',N'HD0050')
insert into TB_SINHVIEN values(N'SV0051', N'Nguyễn Thanh Tùng', N'0366878852','2001/10/10', N'Nam Định', N'Nam', N'K000002', N'L000013',N'HD0051')
insert into TB_SINHVIEN values(N'SV0052', N'Ngô Doãn Tình', N'0366878852','2001/10/20', N' Hà Nội', N'Nam', N'K000003', N'L000015',N'HD0052')
insert into TB_SINHVIEN values(N'SV0053', N'Nguyễn Văn Đồng', N'0978054817','2001/10/20', N'Quảng Nam', N'Nam', N'K000001', N'L000001',N'HD0053')
insert into TB_SINHVIEN values(N'SV0054', N'Mai Hoàng Nam', N'0978021816','2001/10/10', N' Quảng Bình', N'Nữ', N'K000003', N'L000019',N'HD0054')
insert into TB_SINHVIEN values(N'SV0055', N'Nguyễn Văn Đồng', N'0366878852','2002/11/20', N'Bắc Giang', N'Nữ', N'K000002', N'L000012',N'HD0055')
insert into TB_SINHVIEN values(N'SV0056', N'Lê Hoàng Sơn', N'0366878852','2002/12/20', N' Quảng Bình', N'Nữ', N'K000001', N'L000006',N'HD0056')
insert into TB_SINHVIEN values(N'SV0057', N'Phạm Tuấn Tú', N'0978054817','2002/11/20', N'Bắc Giang', N'Nữ', N'K000002', N'L000013',N'HD0057')
insert into TB_SINHVIEN values(N'SV0058', N'Trần Văn Cương', N'0366878852','2001/10/10', N'Hà Nam', N'Nữ', N'K000002', N'L000008',N'HD0058')
insert into TB_SINHVIEN values(N'SV0059', N'Nguyễn Thành Đô', N'0978054817','2001/10/10', N'Hải Phòng', N'Nam', N'K000001', N'L000001',N'HD0059')
insert into TB_SINHVIEN values(N'SV0060', N'Trần Văn Cương', N'0366878852','2001/01/20', N'Hải Phòng', N'Nữ', N'K000002', N'L000008',N'HD0060')
insert into TB_SINHVIEN values(N'SV0061', N'Nguyễn Thanh Tùng', N'01666878854','2002/12/20', N'Bắc Giang', N'Nữ', N'K000003', N'L000015',N'HD0061')
insert into TB_SINHVIEN values(N'SV0062', N'Nguyễn Văn Đồng', N'0978054817','2002/11/20', N'Quảng Nam', N'Nữ', N'K000003', N'L000018',N'HD0062')
insert into TB_SINHVIEN values(N'SV0063', N'Mai Hoàng Nam', N'0978021816','2002/12/20', N'Hải Phòng', N'Nữ', N'K000003', N'L000018',N'HD0063')
insert into TB_SINHVIEN values(N'SV0064', N'Trần Văn Cương', N'01666878854','2001/01/20', N'Hà Nam', N'Nữ', N'K000003', N'L000016',N'HD0064')
insert into TB_SINHVIEN values(N'SV0065', N'Dương Xuân Tùng', N'0978021816','2002/12/20', N'Nam Định', N'Nữ', N'K000002', N'L000009',N'HD0065')
insert into TB_SINHVIEN values(N'SV0066', N'Trần Văn Cương', N'01666878854','2001/10/10', N'Hà Nam', N'Nam', N'K000001', N'L000006',N'HD0066')
insert into TB_SINHVIEN values(N'SV0067', N'Hoàng Vũ Thanh Thủy', N'0978021816','2001/01/20', N' Quảng Bình', N'Nam', N'K000002', N'L000008',N'HD0067')
insert into TB_SINHVIEN values(N'SV0068', N'Nguyễn Thành Đô', N'0978054817','2001/10/20', N' Quảng Bình', N'Nữ', N'K000003', N'L000018',N'HD0068')
insert into TB_SINHVIEN values(N'SV0069', N'Chu Xuân Linh', N'0366878852','2001/01/20', N'Quảng Ninh', N'Nam', N'K000003', N'L000021',N'HD0069')
insert into TB_SINHVIEN values(N'SV0070', N'Dương Xuân Tùng', N'0978021816','2001/10/20', N' Quảng Bình', N'Nam', N'K000001', N'L000001',N'HD0070')
insert into TB_SINHVIEN values(N'SV0071', N'Phạm Tuấn Tú', N'01666878854','2001/01/20', N'Quảng Ninh', N'Nữ', N'K000002', N'L000008',N'HD0071')
insert into TB_SINHVIEN values(N'SV0072', N'Lê Hoàng Sơn', N'0978021816','2001/10/10', N' Quảng Bình', N'Nam', N'K000001', N'L000005',N'HD0072')
insert into TB_SINHVIEN values(N'SV0073', N'Nguyễn Thành Đô', N'0978021816','2001/10/20', N'Quảng Nam', N'Nữ', N'K000002', N'L000011',N'HD0073')
insert into TB_SINHVIEN values(N'SV0074', N'Phạm Tuấn Tú', N'0978021816','2002/11/20', N'Hải Dương', N'Nữ', N'K000002', N'L000009',N'HD0074')
insert into TB_SINHVIEN values(N'SV0075', N'Ngô Doãn Tình', N'0978054817','2001/10/20', N'Quảng Ninh', N'Nam', N'K000003', N'L000020',N'HD0075')
insert into TB_SINHVIEN values(N'SV0076', N'Ngô Doãn Tình', N'01666878854','2001/10/20', N'Nam Định', N'Nam', N'K000001', N'L000003',N'HD0076')
insert into TB_SINHVIEN values(N'SV0077', N'Trần Văn Cương', N'0366878852','2002/11/20', N' Quảng Bình', N'Nữ', N'K000002', N'L000010',N'HD0077')
insert into TB_SINHVIEN values(N'SV0078', N'Dương Xuân Tùng', N'01666878854','2001/10/20', N' Hà Nội', N'Nữ', N'K000002', N'L000013',N'HD0078')
insert into TB_SINHVIEN values(N'SV0079', N'Phạm Tuấn Tú', N'0978054817','2001/01/20', N'Hà Nam', N'Nam', N'K000003', N'L000018',N'HD0079')
insert into TB_SINHVIEN values(N'SV0080', N'Nguyễn Thanh Tùng', N'0978054817','2002/11/20', N' Quảng Bình', N'Nam', N'K000002', N'L000011',N'HD0080')
insert into TB_SINHVIEN values(N'SV0081', N'Ngô Doãn Tình', N'01666878854','2002/11/20', N' Quảng Bình', N'Nam', N'K000001', N'L000006',N'HD0081')
insert into TB_SINHVIEN values(N'SV0082', N'Nguyễn Thanh Tùng', N'0366878852','2001/10/20', N'Nam Định', N'Nam', N'K000003', N'L000016',N'HD0082')
insert into TB_SINHVIEN values(N'SV0083', N'Hoàng Vũ Thanh Thủy', N'0978054817','2002/11/20', N' Quảng Bình', N'Nữ', N'K000002', N'L000013',N'HD0083')
insert into TB_SINHVIEN values(N'SV0084', N'Hoàng Vũ Thanh Thủy', N'01666878854','2001/10/10', N'Hà Nam', N'Nữ', N'K000003', N'L000018',N'HD0084')
insert into TB_SINHVIEN values(N'SV0085', N'Nguyễn Thành Đô', N'0978054817','2001/10/10', N'Bắc Giang', N'Nữ', N'K000001', N'L000006',N'HD0085')
insert into TB_SINHVIEN values(N'SV0086', N'Hoàng Vũ Thanh Thủy', N'0978054817','2001/10/10', N'Hải Phòng', N'Nữ', N'K000001', N'L000003',N'HD0086')
insert into TB_SINHVIEN values(N'SV0087', N'Nguyễn Thanh Tùng', N'0978021816','2002/11/20', N'Nam Định', N'Nam', N'K000002', N'L000008',N'HD0087')
insert into TB_SINHVIEN values(N'SV0088', N'Chu Xuân Linh', N'0366878852','2002/12/20', N'Quảng Nam', N'Nữ', N'K000003', N'L000015',N'HD0088')
insert into TB_SINHVIEN values(N'SV0089', N'Phạm Tuấn Tú', N'0978021816','2001/01/20', N' Hà Nội', N'Nam', N'K000002', N'L000012',N'HD0089')
insert into TB_SINHVIEN values(N'SV0090', N'Nguyễn Thành Đô', N'0978021816','2001/01/20', N' Quảng Bình', N'Nam', N'K000002', N'L000012',N'HD0090')
insert into TB_SINHVIEN values(N'SV0091', N'Nguyễn Văn Đồng', N'01666878854','2001/10/10', N'Hải Dương', N'Nữ', N'K000001', N'L000003',N'HD0091')
insert into TB_SINHVIEN values(N'SV0092', N'Lê Hoàng Sơn', N'0978021816','2001/01/20', N'Hải Dương', N'Nữ', N'K000001', N'L000001',N'HD0092')
insert into TB_SINHVIEN values(N'SV0093', N'Trần Văn Cương', N'0978054817','2002/11/20', N'Hà Nam', N'Nữ', N'K000003', N'L000018',N'HD0093')
insert into TB_SINHVIEN values(N'SV0094', N'Nguyễn Thanh Tùng', N'0366878852','2002/11/20', N' Quảng Bình', N'Nam', N'K000002', N'L000014',N'HD0094')
insert into TB_SINHVIEN values(N'SV0095', N'Nguyễn Thành Đô', N'0978054817','2001/10/10', N'Hà Nam', N'Nữ', N'K000002', N'L000011',N'HD0095')
insert into TB_SINHVIEN values(N'SV0096', N'Nguyễn Thành Đô', N'01666878854','2002/11/20', N' Hà Nội', N'Nam', N'K000001', N'L000004',N'HD0096')
insert into TB_SINHVIEN values(N'SV0097', N'Mai Hoàng Nam', N'0366878852','2001/10/20', N' Thái Nguyên', N'Nữ', N'K000001', N'L000001',N'HD0097')
insert into TB_SINHVIEN values(N'SV0098', N'Ngô Doãn Tình', N'0366878852','2001/01/20', N' Quảng Bình', N'Nữ', N'K000003', N'L000016',N'HD0098')
insert into TB_SINHVIEN values(N'SV0099', N'Nguyễn Thanh Tùng', N'0978021816','2001/10/10', N'Hải Dương', N'Nam', N'K000002', N'L000010',N'HD0099')
insert into TB_SINHVIEN values(N'SV0100', N'Ngô Doãn Tình', N'0978021816','2001/01/20', N'Nam Định', N'Nữ', N'K000001', N'L000004',N'HD0100')
insert into TB_SINHVIEN values(N'SV0101', N'Dương Xuân Tùng', N'01666878854','2001/01/20', N' Quảng Bình', N'Nữ', N'K000002', N'L000008',N'HD0101')
insert into TB_SINHVIEN values(N'SV0102', N'Dương Xuân Tùng', N'01666878854','2002/11/20', N' Quảng Bình', N'Nữ', N'K000001', N'L000005',N'HD0102')
insert into TB_SINHVIEN values(N'SV0103', N'Lê Hoàng Sơn', N'0978054817','2001/10/20', N'Quảng Nam', N'Nữ', N'K000003', N'L000021',N'HD0103')
insert into TB_SINHVIEN values(N'SV0104', N'Mai Hoàng Nam', N'0978021816','2001/01/20', N' Hà Nội', N'Nữ', N'K000001', N'L000006',N'HD0104')
insert into TB_SINHVIEN values(N'SV0105', N'Phạm Tuấn Tú', N'01666878854','2001/10/20', N'Hải Phòng', N'Nam', N'K000003', N'L000017',N'HD0105')
insert into TB_SINHVIEN values(N'SV0106', N'Chu Xuân Linh', N'0366878852','2002/11/20', N'Bắc Giang', N'Nam', N'K000003', N'L000020',N'HD0106')
insert into TB_SINHVIEN values(N'SV0107', N'Lê Hoàng Sơn', N'01666878854','2002/12/20', N'Nam Định', N'Nữ', N'K000002', N'L000010',N'HD0107')
insert into TB_SINHVIEN values(N'SV0108', N'Trần Văn Cương', N'0978021816','2001/10/20', N'Bắc Giang', N'Nam', N'K000002', N'L000012',N'HD0108')
insert into TB_SINHVIEN values(N'SV0109', N'Hoàng Vũ Thanh Thủy', N'0978054817','2002/12/20', N'Hải Dương', N'Nữ', N'K000002', N'L000012',N'HD0109')
insert into TB_SINHVIEN values(N'SV0110', N'Hoàng Vũ Thanh Thủy', N'0978054817','2002/11/20', N' Thái Nguyên', N'Nam', N'K000001', N'L000004',N'HD0110')
insert into TB_SINHVIEN values(N'SV0111', N'Chu Xuân Linh', N'0978021816','2001/01/20', N'Quảng Ninh', N'Nam', N'K000003', N'L000016',N'HD0111')
insert into TB_SINHVIEN values(N'SV0112', N'Chu Xuân Linh', N'01666878854','2002/12/20', N'Bắc Giang', N'Nam', N'K000001', N'L000007',N'HD0112')
insert into TB_SINHVIEN values(N'SV0113', N'Nguyễn Thành Đô', N'0978054817','2001/10/20', N'Hải Dương', N'Nam', N'K000002', N'L000011',N'HD0113')
insert into TB_SINHVIEN values(N'SV0114', N'Phạm Tuấn Tú', N'01666878854','2002/11/20', N'Bắc Giang', N'Nam', N'K000001', N'L000002',N'HD0114')
insert into TB_SINHVIEN values(N'SV0115', N'Nguyễn Thành Đô', N'0978021816','2001/10/20', N'Quảng Ninh', N'Nam', N'K000003', N'L000018',N'HD0115')
insert into TB_SINHVIEN values(N'SV0116', N'Mai Hoàng Nam', N'0978021816','2001/10/10', N' Hà Nội', N'Nữ', N'K000003', N'L000015',N'HD0116')
insert into TB_SINHVIEN values(N'SV0117', N'Mai Hoàng Nam', N'01666878854','2002/11/20', N'Quảng Nam', N'Nữ', N'K000002', N'L000008',N'HD0117')
insert into TB_SINHVIEN values(N'SV0118', N'Nguyễn Văn Đồng', N'01666878854','2002/12/20', N' Hà Nội', N'Nữ', N'K000002', N'L000011',N'HD0118')
insert into TB_SINHVIEN values(N'SV0119', N'Chu Xuân Linh', N'0366878852','2002/12/20', N' Thái Nguyên', N'Nữ', N'K000001', N'L000001',N'HD0119')
insert into TB_SINHVIEN values(N'SV0120', N'Phạm Tuấn Tú', N'0366878852','2001/01/20', N'Bắc Giang', N'Nam', N'K000001', N'L000002',N'HD0120')
insert into TB_SINHVIEN values(N'SV0121', N'Mai Hoàng Nam', N'0978054817','2001/01/20', N' Thái Nguyên', N'Nữ', N'K000003', N'L000017',N'HD0121')
insert into TB_SINHVIEN values(N'SV0122', N'Trần Văn Cương', N'0366878852','2001/01/20', N'Quảng Nam', N'Nam', N'K000002', N'L000012',N'HD0122')
insert into TB_SINHVIEN values(N'SV0123', N'Nguyễn Văn Đồng', N'0978054817','2001/01/20', N' Quảng Bình', N'Nữ', N'K000002', N'L000014',N'HD0123')
insert into TB_SINHVIEN values(N'SV0124', N'Dương Xuân Tùng', N'01666878854','2002/11/20', N' Quảng Bình', N'Nam', N'K000001', N'L000004',N'HD0124')
insert into TB_SINHVIEN values(N'SV0125', N'Trần Văn Cương', N'0978021816','2001/10/10', N' Thái Nguyên', N'Nam', N'K000002', N'L000013',N'HD0125')
insert into TB_SINHVIEN values(N'SV0126', N'Ngô Doãn Tình', N'01666878854','2001/10/20', N'Quảng Nam', N'Nữ', N'K000003', N'L000016',N'HD0126')
insert into TB_SINHVIEN values(N'SV0127', N'Lê Hoàng Sơn', N'0978054817','2002/11/20', N' Thái Nguyên', N'Nữ', N'K000001', N'L000007',N'HD0127')
insert into TB_SINHVIEN values(N'SV0128', N'Ngô Doãn Tình', N'0366878852','2002/12/20', N'Hải Dương', N'Nam', N'K000003', N'L000018',N'HD0128')
insert into TB_SINHVIEN values(N'SV0129', N'Dương Xuân Tùng', N'0366878852','2002/11/20', N'Quảng Nam', N'Nữ', N'K000003', N'L000016',N'HD0129')
insert into TB_SINHVIEN values(N'SV0130', N'Lê Hoàng Sơn', N'01666878854','2001/10/20', N'Hải Dương', N'Nam', N'K000003', N'L000017',N'HD0130')
insert into TB_SINHVIEN values(N'SV0131', N'Phạm Tuấn Tú', N'01666878854','2002/12/20', N'Bắc Giang', N'Nữ', N'K000001', N'L000005',N'HD0131')
insert into TB_SINHVIEN values(N'SV0132', N'Mai Hoàng Nam', N'0978021816','2001/01/20', N'Hà Nam', N'Nam', N'K000002', N'L000009',N'HD0132')
insert into TB_SINHVIEN values(N'SV0133', N'Dương Xuân Tùng', N'0366878852','2001/10/20', N'Quảng Ninh', N'Nữ', N'K000003', N'L000020',N'HD0133')
insert into TB_SINHVIEN values(N'SV0134', N'Chu Xuân Linh', N'0978054817','2002/11/20', N' Hà Nội', N'Nữ', N'K000002', N'L000008',N'HD0134')
insert into TB_SINHVIEN values(N'SV0135', N'Mai Hoàng Nam', N'0978054817','2001/10/10', N'Hà Nam', N'Nam', N'K000001', N'L000002',N'HD0135')
insert into TB_SINHVIEN values(N'SV0136', N'Chu Xuân Linh', N'01666878854','2001/10/10', N'Hải Dương', N'Nam', N'K000003', N'L000015',N'HD0136')
insert into TB_SINHVIEN values(N'SV0137', N'Mai Hoàng Nam', N'0978021816','2002/12/20', N'Quảng Ninh', N'Nam', N'K000002', N'L000010',N'HD0137')
insert into TB_SINHVIEN values(N'SV0138', N'Dương Xuân Tùng', N'01666878854','2001/10/10', N'Quảng Nam', N'Nam', N'K000001', N'L000003',N'HD0138')
insert into TB_SINHVIEN values(N'SV0139', N'Trần Văn Cương', N'0978054817','2001/01/20', N'Quảng Nam', N'Nam', N'K000003', N'L000017',N'HD0139')
insert into TB_SINHVIEN values(N'SV0140', N'Phạm Tuấn Tú', N'0978054817','2002/11/20', N' Quảng Bình', N'Nữ', N'K000001', N'L000001',N'HD0140')
insert into TB_SINHVIEN values(N'SV0141', N'Ngô Doãn Tình', N'0978054817','2001/10/20', N'Hải Phòng', N'Nam', N'K000001', N'L000004',N'HD0141')
insert into TB_SINHVIEN values(N'SV0142', N'Nguyễn Văn Đồng', N'0978021816','2002/12/20', N'Hải Dương', N'Nam', N'K000002', N'L000013',N'HD0142')
insert into TB_SINHVIEN values(N'SV0143', N'Nguyễn Thành Đô', N'0978054817','2002/12/20', N'Hà Nam', N'Nữ', N'K000003', N'L000018',N'HD0143')
insert into TB_SINHVIEN values(N'SV0144', N'Dương Xuân Tùng', N'0366878852','2002/12/20', N'Nam Định', N'Nữ', N'K000003', N'L000015',N'HD0144')
insert into TB_SINHVIEN values(N'SV0145', N'Nguyễn Thanh Tùng', N'0978021816','2001/10/10', N'Nam Định', N'Nam', N'K000003', N'L000021',N'HD0145')
insert into TB_SINHVIEN values(N'SV0146', N'Mai Hoàng Nam', N'0366878852','2001/10/20', N'Hải Phòng', N'Nam', N'K000001', N'L000006',N'HD0146')
insert into TB_SINHVIEN values(N'SV0147', N'Ngô Doãn Tình', N'0978021816','2001/01/20', N'Nam Định', N'Nữ', N'K000001', N'L000006',N'HD0147')
insert into TB_SINHVIEN values(N'SV0148', N'Nguyễn Thành Đô', N'01666878854','2002/12/20', N' Hà Nội', N'Nữ', N'K000001', N'L000006',N'HD0148')
insert into TB_SINHVIEN values(N'SV0149', N'Hoàng Vũ Thanh Thủy', N'0978021816','2002/11/20', N' Quảng Bình', N'Nữ', N'K000002', N'L000008',N'HD0149')
insert into TB_SINHVIEN values(N'SV0150', N'Mai Hoàng Nam', N'0978021816','2001/10/10', N'Nam Định', N'Nam', N'K000001', N'L000006',N'HD0150')
insert into TB_SINHVIEN values(N'SV0151', N'Nguyễn Thanh Tùng', N'0978054817','2001/10/10', N'Bắc Giang', N'Nam', N'K000001', N'L000004',N'HD0151')
insert into TB_SINHVIEN values(N'SV0152', N'Trần Văn Cương', N'0978021816','2001/10/20', N'Hải Dương', N'Nam', N'K000002', N'L000014',N'HD0152')
insert into TB_SINHVIEN values(N'SV0153', N'Ngô Doãn Tình', N'0978054817','2002/11/20', N' Quảng Bình', N'Nam', N'K000001', N'L000001',N'HD0153')
insert into TB_SINHVIEN values(N'SV0154', N'Nguyễn Thanh Tùng', N'0978021816','2002/11/20', N'Hà Nam', N'Nữ', N'K000003', N'L000019',N'HD0154')
insert into TB_SINHVIEN values(N'SV0155', N'Nguyễn Thành Đô', N'01666878854','2001/01/20', N'Quảng Ninh', N'Nam', N'K000001', N'L000001',N'HD0155')
insert into TB_SINHVIEN values(N'SV0156', N'Phạm Tuấn Tú', N'0978054817','2002/12/20', N'Hải Phòng', N'Nữ', N'K000002', N'L000009',N'HD0156')
insert into TB_SINHVIEN values(N'SV0157', N'Dương Xuân Tùng', N'01666878854','2002/11/20', N'Nam Định', N'Nữ', N'K000001', N'L000007',N'HD0157')
insert into TB_SINHVIEN values(N'SV0158', N'Chu Xuân Linh', N'01666878854','2002/12/20', N'Bắc Giang', N'Nam', N'K000001', N'L000003',N'HD0158')
insert into TB_SINHVIEN values(N'SV0159', N'Nguyễn Thanh Tùng', N'01666878854','2002/12/20', N'Nam Định', N'Nam', N'K000001', N'L000005',N'HD0159')
insert into TB_SINHVIEN values(N'SV0160', N'Mai Hoàng Nam', N'01666878854','2001/10/20', N' Quảng Bình', N'Nam', N'K000001', N'L000003',N'HD0160')
insert into TB_SINHVIEN values(N'SV0161', N'Mai Hoàng Nam', N'0366878852','2001/10/20', N'Hải Phòng', N'Nữ', N'K000002', N'L000010',N'HD0161')
insert into TB_SINHVIEN values(N'SV0162', N'Chu Xuân Linh', N'0978021816','2002/11/20', N'Quảng Nam', N'Nam', N'K000003', N'L000019',N'HD0162')
insert into TB_SINHVIEN values(N'SV0163', N'Nguyễn Thành Đô', N'0978021816','2001/01/20', N' Quảng Bình', N'Nữ', N'K000002', N'L000013',N'HD0163')
insert into TB_SINHVIEN values(N'SV0164', N'Phạm Tuấn Tú', N'0366878852','2001/01/20', N'Quảng Nam', N'Nữ', N'K000003', N'L000020',N'HD0164')
insert into TB_SINHVIEN values(N'SV0165', N'Dương Xuân Tùng', N'01666878854','2001/10/10', N' Hà Nội', N'Nữ', N'K000001', N'L000006',N'HD0165')
insert into TB_SINHVIEN values(N'SV0166', N'Mai Hoàng Nam', N'01666878854','2001/01/20', N'Nam Định', N'Nữ', N'K000003', N'L000020',N'HD0166')
insert into TB_SINHVIEN values(N'SV0167', N'Ngô Doãn Tình', N'0978021816','2002/12/20', N' Thái Nguyên', N'Nữ', N'K000001', N'L000006',N'HD0167')
insert into TB_SINHVIEN values(N'SV0168', N'Nguyễn Thành Đô', N'0366878852','2002/11/20', N'Quảng Ninh', N'Nữ', N'K000002', N'L000009',N'HD0168')
insert into TB_SINHVIEN values(N'SV0169', N'Chu Xuân Linh', N'01666878854','2001/10/20', N' Hà Nội', N'Nam', N'K000001', N'L000003',N'HD0169')
insert into TB_SINHVIEN values(N'SV0170', N'Ngô Doãn Tình', N'0366878852','2001/01/20', N'Hà Nam', N'Nữ', N'K000001', N'L000005',N'HD0170')
insert into TB_SINHVIEN values(N'SV0171', N'Mai Hoàng Nam', N'0978021816','2001/01/20', N'Hà Nam', N'Nữ', N'K000002', N'L000010',N'HD0171')
insert into TB_SINHVIEN values(N'SV0172', N'Nguyễn Văn Đồng', N'0978021816','2002/12/20', N'Quảng Ninh', N'Nữ', N'K000002', N'L000011',N'HD0172')
insert into TB_SINHVIEN values(N'SV0173', N'Hoàng Vũ Thanh Thủy', N'0366878852','2001/01/20', N'Hải Phòng', N'Nam', N'K000002', N'L000013',N'HD0173')
insert into TB_SINHVIEN values(N'SV0174', N'Lê Hoàng Sơn', N'01666878854','2002/11/20', N'Bắc Giang', N'Nữ', N'K000002', N'L000011',N'HD0174')
insert into TB_SINHVIEN values(N'SV0175', N'Trần Văn Cương', N'01666878854','2001/10/10', N'Hải Phòng', N'Nữ', N'K000001', N'L000005',N'HD0175')
insert into TB_SINHVIEN values(N'SV0176', N'Hoàng Vũ Thanh Thủy', N'01666878854','2001/10/20', N'Nam Định', N'Nam', N'K000002', N'L000013',N'HD0176')
insert into TB_SINHVIEN values(N'SV0177', N'Nguyễn Thanh Tùng', N'01666878854','2001/10/10', N' Quảng Bình', N'Nữ', N'K000003', N'L000015',N'HD0177')
insert into TB_SINHVIEN values(N'SV0178', N'Dương Xuân Tùng', N'01666878854','2001/10/10', N'Hà Nam', N'Nữ', N'K000002', N'L000012',N'HD0178')
insert into TB_SINHVIEN values(N'SV0179', N'Nguyễn Thanh Tùng', N'01666878854','2002/11/20', N'Nam Định', N'Nữ', N'K000003', N'L000020',N'HD0179')
insert into TB_SINHVIEN values(N'SV0180', N'Nguyễn Văn Đồng', N'0366878852','2001/10/20', N' Quảng Bình', N'Nữ', N'K000001', N'L000004',N'HD0180')
insert into TB_SINHVIEN values(N'SV0181', N'Dương Xuân Tùng', N'0978054817','2002/11/20', N'Nam Định', N'Nam', N'K000002', N'L000010',N'HD0181')
insert into TB_SINHVIEN values(N'SV0182', N'Chu Xuân Linh', N'0978021816','2001/10/10', N' Quảng Bình', N'Nữ', N'K000001', N'L000001',N'HD0182')
insert into TB_SINHVIEN values(N'SV0183', N'Dương Xuân Tùng', N'0366878852','2001/01/20', N'Quảng Ninh', N'Nữ', N'K000003', N'L000018',N'HD0183')
insert into TB_SINHVIEN values(N'SV0184', N'Phạm Tuấn Tú', N'01666878854','2001/10/10', N'Hải Phòng', N'Nữ', N'K000003', N'L000016',N'HD0184')
insert into TB_SINHVIEN values(N'SV0185', N'Nguyễn Thanh Tùng', N'0366878852','2001/10/20', N' Quảng Bình', N'Nữ', N'K000003', N'L000020',N'HD0185')
insert into TB_SINHVIEN values(N'SV0186', N'Ngô Doãn Tình', N'0978054817','2001/01/20', N' Quảng Bình', N'Nam', N'K000002', N'L000011',N'HD0186')
insert into TB_SINHVIEN values(N'SV0187', N'Chu Xuân Linh', N'0978021816','2001/01/20', N'Hải Dương', N'Nữ', N'K000001', N'L000007',N'HD0187')
insert into TB_SINHVIEN values(N'SV0188', N'Dương Xuân Tùng', N'0366878852','2001/10/20', N'Nam Định', N'Nam', N'K000001', N'L000003',N'HD0188')
insert into TB_SINHVIEN values(N'SV0189', N'Nguyễn Thành Đô', N'0978021816','2001/10/20', N' Thái Nguyên', N'Nữ', N'K000002', N'L000011',N'HD0189')
insert into TB_SINHVIEN values(N'SV0190', N'Ngô Doãn Tình', N'0978021816','2002/11/20', N'Hà Nam', N'Nữ', N'K000001', N'L000005',N'HD0190')
insert into TB_SINHVIEN values(N'SV0191', N'Nguyễn Thành Đô', N'0978054817','2001/01/20', N' Quảng Bình', N'Nữ', N'K000002', N'L000009',N'HD0191')
insert into TB_SINHVIEN values(N'SV0192', N'Lê Hoàng Sơn', N'01666878854','2002/12/20', N'Quảng Ninh', N'Nữ', N'K000003', N'L000018',N'HD0192')
insert into TB_SINHVIEN values(N'SV0193', N'Dương Xuân Tùng', N'0366878852','2002/11/20', N' Thái Nguyên', N'Nữ', N'K000003', N'L000017',N'HD0193')
insert into TB_SINHVIEN values(N'SV0194', N'Phạm Tuấn Tú', N'0366878852','2001/10/10', N'Quảng Nam', N'Nam', N'K000002', N'L000011',N'HD0194')
insert into TB_SINHVIEN values(N'SV0195', N'Nguyễn Thành Đô', N'0978021816','2002/11/20', N'Nam Định', N'Nữ', N'K000001', N'L000005',N'HD0195')
insert into TB_SINHVIEN values(N'SV0196', N'Nguyễn Thanh Tùng', N'01666878854','2001/10/10', N' Hà Nội', N'Nữ', N'K000001', N'L000001',N'HD0196')
insert into TB_SINHVIEN values(N'SV0197', N'Lê Hoàng Sơn', N'01666878854','2001/10/20', N' Quảng Bình', N'Nữ', N'K000002', N'L000008',N'HD0197')
insert into TB_SINHVIEN values(N'SV0198', N'Trần Văn Cương', N'0978054817','2002/12/20', N'Quảng Nam', N'Nam', N'K000001', N'L000005',N'HD0198')
insert into TB_SINHVIEN values(N'SV0199', N'Nguyễn Văn Đồng', N'0366878852','2001/10/10', N'Nam Định', N'Nữ', N'K000003', N'L000021',N'HD0199')
insert into TB_SINHVIEN values(N'SV0200', N'Phạm Tuấn Tú', N'0978054817','2001/10/10', N'Hà Nam', N'Nữ', N'K000003', N'L000016',N'HD0200')
-- chèn bảng Khu nhà
INSERT INTO TB_KHU_NHA VALUES(N'KN01',N'A')
INSERT INTO TB_KHU_NHA VALUES(N'KN02',N'B')
INSERT INTO TB_KHU_NHA VALUES(N'KN03',N'C')
-- chèn bảng Phòng
INSERT INTO TB_Phong VALUES(N'P001',N'11A',N'KN01',N'DỊCH VỤ',6,0,3600000)
INSERT INTO TB_Phong VALUES(N'P002',N'12A',N'KN01',N'DỊCH VỤ',6,0,3600000)
INSERT INTO TB_Phong VALUES(N'P003',N'13A',N'KN01',N'DỊCH VỤ',6,0,3600000)
INSERT INTO TB_Phong VALUES(N'P004',N'14A',N'KN01',N'DỊCH VỤ',6,0,3600000)
INSERT INTO TB_Phong VALUES(N'P005',N'15A',N'KN01',N'DỊCH VỤ',6,0,3600000)
INSERT INTO TB_Phong VALUES(N'P006',N'21A',N'KN01',N'THƯỜNG',6,0,2100000)
INSERT INTO TB_Phong VALUES(N'P007',N'22A',N'KN01',N'THƯỜNG',8,0,2000000)
INSERT INTO TB_Phong VALUES(N'P008',N'23A',N'KN01',N'THƯỜNG',10,0,3000000)
INSERT INTO TB_Phong VALUES(N'P009',N'24A',N'KN01',N'THƯỜNG',6,0,2100000)
INSERT INTO TB_Phong VALUES(N'P010',N'25A',N'KN01',N'THƯỜNG',6,0,2100000)
INSERT INTO TB_Phong VALUES(N'P011',N'31A',N'KN01',N'THƯỜNG',6,0,2100000)
INSERT INTO TB_Phong VALUES(N'P012',N'32A',N'KN01',N'THƯỜNG',8,0,2000000)
INSERT INTO TB_Phong VALUES(N'P013',N'33A',N'KN01',N'THƯỜNG',10,0,3000000)
INSERT INTO TB_Phong VALUES(N'P014',N'34A',N'KN01',N'THƯỜNG',6,0,2100000)
INSERT INTO TB_Phong VALUES(N'P015',N'35A',N'KN01',N'THƯỜNG',6,0,2100000)
INSERT INTO TB_Phong VALUES(N'P016',N'41A',N'KN01',N'THƯỜNG',6,0,2100000)
INSERT INTO TB_Phong VALUES(N'P017',N'42A',N'KN01',N'THƯỜNG',8,0,2000000)
INSERT INTO TB_Phong VALUES(N'P018',N'43A',N'KN01',N'THƯỜNG',10,0,3000000)
INSERT INTO TB_Phong VALUES(N'P019',N'44A',N'KN01',N'THƯỜNG',6,0,2100000)
INSERT INTO TB_Phong VALUES(N'P020',N'55A',N'KN01',N'THƯỜNG',6,0,2100000)

INSERT INTO TB_Phong VALUES(N'P021',N'11B',N'KN02',N'DỊCH VỤ',6,0,3600000)
INSERT INTO TB_Phong VALUES(N'P022',N'12B',N'KN02',N'DỊCH VỤ',6,0,3600000)
INSERT INTO TB_Phong VALUES(N'P023',N'13B',N'KN02',N'DỊCH VỤ',6,0,3600000)
INSERT INTO TB_Phong VALUES(N'P024',N'14B',N'KN02',N'DỊCH VỤ',6,0,3600000)
INSERT INTO TB_Phong VALUES(N'P025',N'15B',N'KN02',N'DỊCH VỤ',6,0,3600000)
INSERT INTO TB_Phong VALUES(N'P026',N'21B',N'KN02',N'THƯỜNG',6,0,2100000)
INSERT INTO TB_Phong VALUES(N'P027',N'22B',N'KN02',N'THƯỜNG',8,0,2000000)
INSERT INTO TB_Phong VALUES(N'P028',N'23B',N'KN02',N'THƯỜNG',10,0,3000000)
INSERT INTO TB_Phong VALUES(N'P029',N'24B',N'KN02',N'THƯỜNG',6,0,2100000)
INSERT INTO TB_Phong VALUES(N'P030',N'25B',N'KN02',N'THƯỜNG',6,0,2100000)
INSERT INTO TB_Phong VALUES(N'P031',N'31B',N'KN02',N'THƯỜNG',6,0,2100000)
INSERT INTO TB_Phong VALUES(N'P032',N'32B',N'KN02',N'THƯỜNG',8,0,2000000)
INSERT INTO TB_Phong VALUES(N'P033',N'33B',N'KN02',N'THƯỜNG',10,0,3000000)
INSERT INTO TB_Phong VALUES(N'P034',N'34B',N'KN02',N'THƯỜNG',6,0,2100000)
INSERT INTO TB_Phong VALUES(N'P035',N'35B',N'KN02',N'THƯỜNG',6,0,2100000)
INSERT INTO TB_Phong VALUES(N'P036',N'41B',N'KN02',N'THƯỜNG',6,0,2100000)
INSERT INTO TB_Phong VALUES(N'P037',N'42B',N'KN02',N'THƯỜNG',8,0,2000000)
INSERT INTO TB_Phong VALUES(N'P038',N'43B',N'KN02',N'THƯỜNG',10,0,3000000)
INSERT INTO TB_Phong VALUES(N'P039',N'44B',N'KN02',N'THƯỜNG',6,0,2100000)
INSERT INTO TB_Phong VALUES(N'P040',N'55B',N'KN02',N'THƯỜNG',6,0,2100000)

INSERT INTO TB_Phong VALUES(N'P041',N'11C',N'KN03',N'DỊCH VỤ',6,0,3600000)
INSERT INTO TB_Phong VALUES(N'P042',N'12C',N'KN03',N'DỊCH VỤ',6,0,3600000)
INSERT INTO TB_Phong VALUES(N'P043',N'13C',N'KN03',N'DỊCH VỤ',6,0,3600000)
INSERT INTO TB_Phong VALUES(N'P044',N'14C',N'KN03',N'DỊCH VỤ',6,0,3600000)
INSERT INTO TB_Phong VALUES(N'P045',N'15C',N'KN03',N'DỊCH VỤ',6,0,3600000)
INSERT INTO TB_Phong VALUES(N'P046',N'21C',N'KN03',N'THƯỜNG',6,0,2100000)
INSERT INTO TB_Phong VALUES(N'P047',N'22C',N'KN03',N'THƯỜNG',8,0,2000000)
INSERT INTO TB_Phong VALUES(N'P048',N'23C',N'KN03',N'THƯỜNG',10,0,3000000)
INSERT INTO TB_Phong VALUES(N'P049',N'24C',N'KN03',N'THƯỜNG',6,0,2100000)
INSERT INTO TB_Phong VALUES(N'P050',N'25C',N'KN03',N'THƯỜNG',6,0,2100000)
INSERT INTO TB_Phong VALUES(N'P051',N'31C',N'KN03',N'THƯỜNG',6,0,2100000)
INSERT INTO TB_Phong VALUES(N'P052',N'32C',N'KN03',N'THƯỜNG',8,0,2000000)
INSERT INTO TB_Phong VALUES(N'P053',N'33C',N'KN03',N'THƯỜNG',10,0,3000000)
INSERT INTO TB_Phong VALUES(N'P054',N'34C',N'KN03',N'THƯỜNG',6,0,2100000)
INSERT INTO TB_Phong VALUES(N'P055',N'35C',N'KN03',N'THƯỜNG',6,0,2100000)
INSERT INTO TB_Phong VALUES(N'P056',N'41C',N'KN03',N'THƯỜNG',6,0,2100000)
INSERT INTO TB_Phong VALUES(N'P057',N'42C',N'KN03',N'THƯỜNG',8,0,2000000)
INSERT INTO TB_Phong VALUES(N'P058',N'43C',N'KN03',N'THƯỜNG',10,0,3000000)
INSERT INTO TB_Phong VALUES(N'P059',N'44C',N'KN03',N'THƯỜNG',6,0,2100000)
INSERT INTO TB_Phong VALUES(N'P060',N'55C',N'KN03',N'THƯỜNG',6,0,2100000)

-- chèn bảng thiết bị
INSERT INTO TB_THIET_BI VALUES(N'TB001',N'QUẠT',N'P001',N'TỐT')
INSERT INTO TB_THIET_BI VALUES(N'TB002',N'QUẠT',N'P001',N'TỐT')
INSERT INTO TB_THIET_BI VALUES(N'TB003',N'GIƯỜNG',N'P001',N'TỐT')
INSERT INTO TB_THIET_BI VALUES(N'TB004',N'GIƯỜNG',N'P001',N'TỐT')
INSERT INTO TB_THIET_BI VALUES(N'TB005',N'GIƯỜNG',N'P001',N'TỐT')
INSERT INTO TB_THIET_BI VALUES(N'TB006',N'ĐÈN',N'P001',N'TỐT')
INSERT INTO TB_THIET_BI VALUES(N'TB007',N'ĐÈN',N'P001',N'TỐT')
INSERT INTO TB_THIET_BI VALUES(N'TB008',N'NÓNG LẠNH',N'P001',N'TỐT')
INSERT INTO TB_THIET_BI VALUES(N'TB009',N'ĐIỀU HÒA',N'P001',N'TỐT')

INSERT INTO TB_THIET_BI VALUES(N'TB010',N'QUẠT',N'P002',N'TỐT')
INSERT INTO TB_THIET_BI VALUES(N'TB011',N'QUẠT',N'P002',N'TỐT')
INSERT INTO TB_THIET_BI VALUES(N'TB012',N'GIƯỜNG',N'P002',N'TỐT')
INSERT INTO TB_THIET_BI VALUES(N'TB013',N'GIƯỜNG',N'P002',N'TỐT')
INSERT INTO TB_THIET_BI VALUES(N'TB014',N'GIƯỜNG',N'P002',N'TỐT')
INSERT INTO TB_THIET_BI VALUES(N'TB015',N'ĐÈN',N'P002',N'TỐT')
INSERT INTO TB_THIET_BI VALUES(N'TB016',N'ĐÈN',N'P002',N'TỐT')
INSERT INTO TB_THIET_BI VALUES(N'TB017',N'NÓNG LẠNH',N'P002',N'TỐT')
INSERT INTO TB_THIET_BI VALUES(N'TB018',N'ĐIỀU HÒA',N'P002',N'TỐT')

INSERT INTO TB_THIET_BI VALUES(N'TB019',N'QUẠT',N'P003',N'TỐT')
INSERT INTO TB_THIET_BI VALUES(N'TB020',N'QUẠT',N'P003',N'TỐT')
INSERT INTO TB_THIET_BI VALUES(N'TB021',N'GIƯỜNG',N'P003',N'TỐT')
INSERT INTO TB_THIET_BI VALUES(N'TB022',N'GIƯỜNG',N'P003',N'TỐT')
INSERT INTO TB_THIET_BI VALUES(N'TB023',N'GIƯỜNG',N'P003',N'TỐT')
INSERT INTO TB_THIET_BI VALUES(N'TB024',N'ĐÈN',N'P003',N'TỐT')
INSERT INTO TB_THIET_BI VALUES(N'TB025',N'ĐÈN',N'P003',N'TỐT')
INSERT INTO TB_THIET_BI VALUES(N'TB026',N'NÓNG LẠNH',N'P003',N'TỐT')
INSERT INTO TB_THIET_BI VALUES(N'TB027',N'ĐIỀU HÒA',N'P003',N'TỐT')

INSERT INTO TB_THIET_BI VALUES(N'TB028',N'QUẠT',N'P004',N'TỐT')
INSERT INTO TB_THIET_BI VALUES(N'TB029',N'QUẠT',N'P004',N'TỐT')
INSERT INTO TB_THIET_BI VALUES(N'TB030',N'GIƯỜNG',N'P004',N'TỐT')
INSERT INTO TB_THIET_BI VALUES(N'TB031',N'GIƯỜNG',N'P004',N'TỐT')
INSERT INTO TB_THIET_BI VALUES(N'TB032',N'GIƯỜNG',N'P004',N'TỐT')
INSERT INTO TB_THIET_BI VALUES(N'TB033',N'ĐÈN',N'P004',N'TỐT')
INSERT INTO TB_THIET_BI VALUES(N'TB034',N'ĐÈN',N'P004',N'TỐT')
INSERT INTO TB_THIET_BI VALUES(N'TB035',N'NÓNG LẠNH',N'P004',N'TỐT')
INSERT INTO TB_THIET_BI VALUES(N'TB036',N'ĐIỀU HÒA',N'P004',N'TỐT')

INSERT INTO TB_THIET_BI VALUES(N'TB489',N'QUẠT',N'P006',N'TỐT')
INSERT INTO TB_THIET_BI VALUES(N'TB037',N'QUẠT',N'P006',N'TỐT')
INSERT INTO TB_THIET_BI VALUES(N'TB038',N'GIƯỜNG',N'P006',N'TỐT')
INSERT INTO TB_THIET_BI VALUES(N'TB039',N'GIƯỜNG',N'P006',N'TỐT')
INSERT INTO TB_THIET_BI VALUES(N'TB040',N'GIƯỜNG',N'P006',N'TỐT')
INSERT INTO TB_THIET_BI VALUES(N'TB041',N'ĐÈN',N'P006',N'TỐT')
INSERT INTO TB_THIET_BI VALUES(N'TB042',N'ĐÈN',N'P006',N'TỐT')

INSERT INTO TB_THIET_BI VALUES(N'TB045',N'QUẠT',N'P007',N'TỐT')
INSERT INTO TB_THIET_BI VALUES(N'TB046',N'QUẠT',N'P007',N'TỐT')
INSERT INTO TB_THIET_BI VALUES(N'TB047',N'GIƯỜNG',N'P007',N'TỐT')
INSERT INTO TB_THIET_BI VALUES(N'TB048',N'GIƯỜNG',N'P007',N'TỐT')
INSERT INTO TB_THIET_BI VALUES(N'TB049',N'GIƯỜNG',N'P007',N'TỐT')
INSERT INTO TB_THIET_BI VALUES(N'TB050',N'GIƯỜNG',N'P007',N'TỐT')
INSERT INTO TB_THIET_BI VALUES(N'TB051',N'ĐÈN',N'P007',N'TỐT')
INSERT INTO TB_THIET_BI VALUES(N'TB052',N'ĐÈN',N'P007',N'TỐT')

INSERT INTO TB_THIET_BI VALUES(N'TB053',N'QUẠT',N'P008',N'TỐT')
INSERT INTO TB_THIET_BI VALUES(N'TB054',N'QUẠT',N'P008',N'TỐT')
INSERT INTO TB_THIET_BI VALUES(N'TB055',N'GIƯỜNG',N'P008',N'TỐT')
INSERT INTO TB_THIET_BI VALUES(N'TB056',N'GIƯỜNG',N'P008',N'TỐT')
INSERT INTO TB_THIET_BI VALUES(N'TB057',N'GIƯỜNG',N'P008',N'TỐT')
INSERT INTO TB_THIET_BI VALUES(N'TB058',N'GIƯỜNG',N'P008',N'TỐT')
INSERT INTO TB_THIET_BI VALUES(N'TB059',N'GIƯỜNG',N'P008',N'TỐT')
INSERT INTO TB_THIET_BI VALUES(N'TB060',N'ĐÈN',N'P008',N'TỐT')
INSERT INTO TB_THIET_BI VALUES(N'TB061',N'ĐÈN',N'P008',N'TỐT')

INSERT INTO TB_THIET_BI VALUES(N'TB062',N'QUẠT',N'P009',N'TỐT')
INSERT INTO TB_THIET_BI VALUES(N'TB063',N'QUẠT',N'P009',N'TỐT')
INSERT INTO TB_THIET_BI VALUES(N'TB064',N'GIƯỜNG',N'P009',N'TỐT')
INSERT INTO TB_THIET_BI VALUES(N'TB065',N'GIƯỜNG',N'P009',N'TỐT')
INSERT INTO TB_THIET_BI VALUES(N'TB066',N'GIƯỜNG',N'P009',N'TỐT')
INSERT INTO TB_THIET_BI VALUES(N'TB067',N'ĐÈN',N'P009',N'TỐT')
INSERT INTO TB_THIET_BI VALUES(N'TB068',N'ĐÈN',N'P009',N'TỐT')

INSERT INTO TB_THIET_BI VALUES(N'TB069',N'QUẠT',N'P010',N'TỐT')
INSERT INTO TB_THIET_BI VALUES(N'TB070',N'QUẠT',N'P010',N'TỐT')
INSERT INTO TB_THIET_BI VALUES(N'TB071',N'GIƯỜNG',N'P010',N'TỐT')
INSERT INTO TB_THIET_BI VALUES(N'TB072',N'GIƯỜNG',N'P010',N'TỐT')
INSERT INTO TB_THIET_BI VALUES(N'TB073',N'GIƯỜNG',N'P010',N'TỐT')
INSERT INTO TB_THIET_BI VALUES(N'TB074',N'ĐÈN',N'P010',N'TỐT')
INSERT INTO TB_THIET_BI VALUES(N'TB075',N'ĐÈN',N'P010',N'TỐT')

INSERT INTO TB_THIET_BI VALUES(N'TB076',N'QUẠT',N'P011',N'TỐT')
INSERT INTO TB_THIET_BI VALUES(N'TB077',N'QUẠT',N'P011',N'TỐT')
INSERT INTO TB_THIET_BI VALUES(N'TB078',N'GIƯỜNG',N'P011',N'TỐT')
INSERT INTO TB_THIET_BI VALUES(N'TB079',N'GIƯỜNG',N'P011',N'TỐT')
INSERT INTO TB_THIET_BI VALUES(N'TB080',N'GIƯỜNG',N'P011',N'TỐT')
INSERT INTO TB_THIET_BI VALUES(N'TB081',N'ĐÈN',N'P011',N'TỐT')
INSERT INTO TB_THIET_BI VALUES(N'TB082',N'ĐÈN',N'P011',N'TỐT')

INSERT INTO TB_THIET_BI VALUES(N'TB083',N'QUẠT',N'P012',N'TỐT')
INSERT INTO TB_THIET_BI VALUES(N'TB084',N'QUẠT',N'P012',N'TỐT')
INSERT INTO TB_THIET_BI VALUES(N'TB085',N'GIƯỜNG',N'P012',N'TỐT')
INSERT INTO TB_THIET_BI VALUES(N'TB086',N'GIƯỜNG',N'P012',N'TỐT')
INSERT INTO TB_THIET_BI VALUES(N'TB087',N'GIƯỜNG',N'P012',N'TỐT')
INSERT INTO TB_THIET_BI VALUES(N'TB088',N'GIƯỜNG',N'P012',N'TỐT')
INSERT INTO TB_THIET_BI VALUES(N'TB089',N'ĐÈN',N'P012',N'TỐT')
INSERT INTO TB_THIET_BI VALUES(N'TB090',N'ĐÈN',N'P012',N'TỐT')

INSERT INTO TB_THIET_BI VALUES(N'TB091',N'QUẠT',N'P013',N'TỐT')
INSERT INTO TB_THIET_BI VALUES(N'TB092',N'QUẠT',N'P013',N'TỐT')
INSERT INTO TB_THIET_BI VALUES(N'TB093',N'GIƯỜNG',N'P013',N'TỐT')
INSERT INTO TB_THIET_BI VALUES(N'TB094',N'GIƯỜNG',N'P013',N'TỐT')
INSERT INTO TB_THIET_BI VALUES(N'TB095',N'GIƯỜNG',N'P013',N'TỐT')
INSERT INTO TB_THIET_BI VALUES(N'TB096',N'GIƯỜNG',N'P013',N'TỐT')
INSERT INTO TB_THIET_BI VALUES(N'TB097',N'GIƯỜNG',N'P013',N'TỐT')
INSERT INTO TB_THIET_BI VALUES(N'TB098',N'ĐÈN',N'P013',N'TỐT')
INSERT INTO TB_THIET_BI VALUES(N'TB099',N'ĐÈN',N'P013',N'TỐT')

INSERT INTO TB_THIET_BI VALUES(N'TB100',N'QUẠT',N'P014',N'TỐT')
INSERT INTO TB_THIET_BI VALUES(N'TB101',N'QUẠT',N'P014',N'TỐT')
INSERT INTO TB_THIET_BI VALUES(N'TB102',N'GIƯỜNG',N'P014',N'TỐT')
INSERT INTO TB_THIET_BI VALUES(N'TB103',N'GIƯỜNG',N'P014',N'TỐT')
INSERT INTO TB_THIET_BI VALUES(N'TB104',N'GIƯỜNG',N'P014',N'TỐT')
INSERT INTO TB_THIET_BI VALUES(N'TB105',N'ĐÈN',N'P014',N'TỐT')
INSERT INTO TB_THIET_BI VALUES(N'TB106',N'ĐÈN',N'P014',N'TỐT')

INSERT INTO TB_THIET_BI VALUES(N'TB107',N'QUẠT',N'P015',N'TỐT')
INSERT INTO TB_THIET_BI VALUES(N'TB108',N'QUẠT',N'P015',N'TỐT')
INSERT INTO TB_THIET_BI VALUES(N'TB109',N'GIƯỜNG',N'P015',N'TỐT')
INSERT INTO TB_THIET_BI VALUES(N'TB110',N'GIƯỜNG',N'P015',N'TỐT')
INSERT INTO TB_THIET_BI VALUES(N'TB111',N'GIƯỜNG',N'P015',N'TỐT')
INSERT INTO TB_THIET_BI VALUES(N'TB112',N'ĐÈN',N'P015',N'TỐT')
INSERT INTO TB_THIET_BI VALUES(N'TB113',N'ĐÈN',N'P015',N'TỐT')

INSERT INTO TB_THIET_BI VALUES(N'TB114',N'QUẠT',N'P016',N'TỐT')
INSERT INTO TB_THIET_BI VALUES(N'TB115',N'QUẠT',N'P016',N'TỐT')
INSERT INTO TB_THIET_BI VALUES(N'TB116',N'GIƯỜNG',N'P016',N'TỐT')
INSERT INTO TB_THIET_BI VALUES(N'TB117',N'GIƯỜNG',N'P016',N'TỐT')
INSERT INTO TB_THIET_BI VALUES(N'TB118',N'GIƯỜNG',N'P016',N'TỐT')
INSERT INTO TB_THIET_BI VALUES(N'TB119',N'ĐÈN',N'P016',N'TỐT')
INSERT INTO TB_THIET_BI VALUES(N'TB120',N'ĐÈN',N'P016',N'TỐT')

INSERT INTO TB_THIET_BI VALUES(N'TB121',N'QUẠT',N'P017',N'TỐT')
INSERT INTO TB_THIET_BI VALUES(N'TB122',N'QUẠT',N'P017',N'TỐT')
INSERT INTO TB_THIET_BI VALUES(N'TB123',N'GIƯỜNG',N'P017',N'TỐT')
INSERT INTO TB_THIET_BI VALUES(N'TB124',N'GIƯỜNG',N'P017',N'TỐT')
INSERT INTO TB_THIET_BI VALUES(N'TB125',N'GIƯỜNG',N'P017',N'TỐT')
INSERT INTO TB_THIET_BI VALUES(N'TB126',N'GIƯỜNG',N'P017',N'TỐT')
INSERT INTO TB_THIET_BI VALUES(N'TB127',N'ĐÈN',N'P017',N'TỐT')
INSERT INTO TB_THIET_BI VALUES(N'TB128',N'ĐÈN',N'P017',N'TỐT')

INSERT INTO TB_THIET_BI VALUES(N'TB129',N'QUẠT',N'P018',N'TỐT')
INSERT INTO TB_THIET_BI VALUES(N'TB130',N'QUẠT',N'P018',N'TỐT')
INSERT INTO TB_THIET_BI VALUES(N'TB131',N'GIƯỜNG',N'P018',N'TỐT')
INSERT INTO TB_THIET_BI VALUES(N'TB132',N'GIƯỜNG',N'P018',N'TỐT')
INSERT INTO TB_THIET_BI VALUES(N'TB133',N'GIƯỜNG',N'P018',N'TỐT')
INSERT INTO TB_THIET_BI VALUES(N'TB134',N'GIƯỜNG',N'P018',N'TỐT')
INSERT INTO TB_THIET_BI VALUES(N'TB135',N'GIƯỜNG',N'P018',N'TỐT')
INSERT INTO TB_THIET_BI VALUES(N'TB136',N'ĐÈN',N'P018',N'TỐT')
INSERT INTO TB_THIET_BI VALUES(N'TB137',N'ĐÈN',N'P018',N'TỐT')

INSERT INTO TB_THIET_BI VALUES(N'TB138',N'QUẠT',N'P019',N'TỐT')
INSERT INTO TB_THIET_BI VALUES(N'TB139',N'QUẠT',N'P019',N'TỐT')
INSERT INTO TB_THIET_BI VALUES(N'TB140',N'GIƯỜNG',N'P019',N'TỐT')
INSERT INTO TB_THIET_BI VALUES(N'TB141',N'GIƯỜNG',N'P019',N'TỐT')
INSERT INTO TB_THIET_BI VALUES(N'TB142',N'GIƯỜNG',N'P019',N'TỐT')
INSERT INTO TB_THIET_BI VALUES(N'TB143',N'ĐÈN',N'P019',N'TỐT')
INSERT INTO TB_THIET_BI VALUES(N'TB144',N'ĐÈN',N'P019',N'TỐT')

INSERT INTO TB_THIET_BI VALUES(N'TB145',N'QUẠT',N'P020',N'TỐT')
INSERT INTO TB_THIET_BI VALUES(N'TB146',N'QUẠT',N'P020',N'TỐT')
INSERT INTO TB_THIET_BI VALUES(N'TB147',N'GIƯỜNG',N'P020',N'TỐT')
INSERT INTO TB_THIET_BI VALUES(N'TB148',N'GIƯỜNG',N'P020',N'TỐT')
INSERT INTO TB_THIET_BI VALUES(N'TB149',N'GIƯỜNG',N'P020',N'TỐT')
INSERT INTO TB_THIET_BI VALUES(N'TB150',N'ĐÈN',N'P020',N'TỐT')
INSERT INTO TB_THIET_BI VALUES(N'TB160',N'ĐÈN',N'P020',N'TỐT')

INSERT INTO TB_THIET_BI VALUES(N'TB161',N'QUẠT',N'P005',N'TỐT')
INSERT INTO TB_THIET_BI VALUES(N'TB162',N'QUẠT',N'P005',N'TỐT')
INSERT INTO TB_THIET_BI VALUES(N'TB163',N'GIƯỜNG',N'P005',N'TỐT')
INSERT INTO TB_THIET_BI VALUES(N'TB164',N'GIƯỜNG',N'P005',N'TỐT')
INSERT INTO TB_THIET_BI VALUES(N'TB165',N'GIƯỜNG',N'P005',N'TỐT')
INSERT INTO TB_THIET_BI VALUES(N'TB166',N'ĐÈN',N'P005',N'TỐT')
INSERT INTO TB_THIET_BI VALUES(N'TB167',N'ĐÈN',N'P005',N'TỐT')
INSERT INTO TB_THIET_BI VALUES(N'TB168',N'NÓNG LẠNH',N'P005',N'TỐT')
INSERT INTO TB_THIET_BI VALUES(N'TB169',N'ĐIỀU HÒA',N'P005',N'TỐT')

INSERT INTO TB_THIET_BI VALUES(N'TB170',N'QUẠT',N'P021',N'TỐT')
INSERT INTO TB_THIET_BI VALUES(N'TB171',N'QUẠT',N'P021',N'TỐT')
INSERT INTO TB_THIET_BI VALUES(N'TB172',N'GIƯỜNG',N'P021',N'TỐT')
INSERT INTO TB_THIET_BI VALUES(N'TB173',N'GIƯỜNG',N'P021',N'TỐT')
INSERT INTO TB_THIET_BI VALUES(N'TB174',N'GIƯỜNG',N'P021',N'TỐT')
INSERT INTO TB_THIET_BI VALUES(N'TB175',N'ĐÈN',N'P021',N'TỐT')
INSERT INTO TB_THIET_BI VALUES(N'TB176',N'ĐÈN',N'P021',N'TỐT')
INSERT INTO TB_THIET_BI VALUES(N'TB177',N'NÓNG LẠNH',N'P021',N'TỐT')
INSERT INTO TB_THIET_BI VALUES(N'TB178',N'ĐIỀU HÒA',N'P021',N'TỐT')

INSERT INTO TB_THIET_BI VALUES(N'TB179',N'QUẠT',N'P022',N'TỐT')
INSERT INTO TB_THIET_BI VALUES(N'TB180',N'QUẠT',N'P022',N'TỐT')
INSERT INTO TB_THIET_BI VALUES(N'TB181',N'GIƯỜNG',N'P022',N'TỐT')
INSERT INTO TB_THIET_BI VALUES(N'TB182',N'GIƯỜNG',N'P022',N'TỐT')
INSERT INTO TB_THIET_BI VALUES(N'TB183',N'GIƯỜNG',N'P022',N'TỐT')
INSERT INTO TB_THIET_BI VALUES(N'TB184',N'ĐÈN',N'P022',N'TỐT')
INSERT INTO TB_THIET_BI VALUES(N'TB185',N'ĐÈN',N'P022',N'TỐT')
INSERT INTO TB_THIET_BI VALUES(N'TB186',N'NÓNG LẠNH',N'P022',N'TỐT')
INSERT INTO TB_THIET_BI VALUES(N'TB187',N'ĐIỀU HÒA',N'P022',N'TỐT')

INSERT INTO TB_THIET_BI VALUES(N'TB188',N'QUẠT',N'P023',N'TỐT')
INSERT INTO TB_THIET_BI VALUES(N'TB189',N'QUẠT',N'P023',N'TỐT')
INSERT INTO TB_THIET_BI VALUES(N'TB190',N'GIƯỜNG',N'P023',N'TỐT')
INSERT INTO TB_THIET_BI VALUES(N'TB191',N'GIƯỜNG',N'P023',N'TỐT')
INSERT INTO TB_THIET_BI VALUES(N'TB192',N'GIƯỜNG',N'P023',N'TỐT')
INSERT INTO TB_THIET_BI VALUES(N'TB193',N'ĐÈN',N'P023',N'TỐT')
INSERT INTO TB_THIET_BI VALUES(N'TB194',N'ĐÈN',N'P023',N'TỐT')
INSERT INTO TB_THIET_BI VALUES(N'TB195',N'NÓNG LẠNH',N'P023',N'TỐT')
INSERT INTO TB_THIET_BI VALUES(N'TB196',N'ĐIỀU HÒA',N'P023',N'TỐT')

INSERT INTO TB_THIET_BI VALUES(N'TB197',N'QUẠT',N'P024',N'TỐT')
INSERT INTO TB_THIET_BI VALUES(N'TB198',N'QUẠT',N'P024',N'TỐT')
INSERT INTO TB_THIET_BI VALUES(N'TB199',N'GIƯỜNG',N'P024',N'TỐT')
INSERT INTO TB_THIET_BI VALUES(N'TB200',N'GIƯỜNG',N'P024',N'TỐT')
INSERT INTO TB_THIET_BI VALUES(N'TB201',N'GIƯỜNG',N'P024',N'TỐT')
INSERT INTO TB_THIET_BI VALUES(N'TB202',N'ĐÈN',N'P024',N'TỐT')
INSERT INTO TB_THIET_BI VALUES(N'TB203',N'ĐÈN',N'P024',N'TỐT')
INSERT INTO TB_THIET_BI VALUES(N'TB204',N'NÓNG LẠNH',N'P024',N'TỐT')
INSERT INTO TB_THIET_BI VALUES(N'TB205',N'ĐIỀU HÒA',N'P024',N'TỐT')

INSERT INTO TB_THIET_BI VALUES(N'TB206',N'QUẠT',N'P026',N'TỐT')
INSERT INTO TB_THIET_BI VALUES(N'TB207',N'QUẠT',N'P026',N'TỐT')
INSERT INTO TB_THIET_BI VALUES(N'TB208',N'GIƯỜNG',N'P026',N'TỐT')
INSERT INTO TB_THIET_BI VALUES(N'TB209',N'GIƯỜNG',N'P026',N'TỐT')
INSERT INTO TB_THIET_BI VALUES(N'TB210',N'GIƯỜNG',N'P026',N'TỐT')
INSERT INTO TB_THIET_BI VALUES(N'TB211',N'ĐÈN',N'P026',N'TỐT')
INSERT INTO TB_THIET_BI VALUES(N'TB212',N'ĐÈN',N'P026',N'TỐT')

INSERT INTO TB_THIET_BI VALUES(N'TB213',N'QUẠT',N'P027',N'TỐT')
INSERT INTO TB_THIET_BI VALUES(N'TB214',N'QUẠT',N'P027',N'TỐT')
INSERT INTO TB_THIET_BI VALUES(N'TB215',N'GIƯỜNG',N'P027',N'TỐT')
INSERT INTO TB_THIET_BI VALUES(N'TB216',N'GIƯỜNG',N'P027',N'TỐT')
INSERT INTO TB_THIET_BI VALUES(N'TB217',N'GIƯỜNG',N'P027',N'TỐT')
INSERT INTO TB_THIET_BI VALUES(N'TB218',N'GIƯỜNG',N'P027',N'TỐT')
INSERT INTO TB_THIET_BI VALUES(N'TB219',N'ĐÈN',N'P027',N'TỐT')
INSERT INTO TB_THIET_BI VALUES(N'TB220',N'ĐÈN',N'P027',N'TỐT')

INSERT INTO TB_THIET_BI VALUES(N'TB221',N'QUẠT',N'P028',N'TỐT')
INSERT INTO TB_THIET_BI VALUES(N'TB222',N'QUẠT',N'P028',N'TỐT')
INSERT INTO TB_THIET_BI VALUES(N'TB223',N'GIƯỜNG',N'P028',N'TỐT')
INSERT INTO TB_THIET_BI VALUES(N'TB224',N'GIƯỜNG',N'P028',N'TỐT')
INSERT INTO TB_THIET_BI VALUES(N'TB225',N'GIƯỜNG',N'P028',N'TỐT')
INSERT INTO TB_THIET_BI VALUES(N'TB226',N'GIƯỜNG',N'P028',N'TỐT')
INSERT INTO TB_THIET_BI VALUES(N'TB227',N'GIƯỜNG',N'P028',N'TỐT')
INSERT INTO TB_THIET_BI VALUES(N'TB228',N'ĐÈN',N'P028',N'TỐT')
INSERT INTO TB_THIET_BI VALUES(N'TB229',N'ĐÈN',N'P028',N'TỐT')

INSERT INTO TB_THIET_BI VALUES(N'TB230',N'QUẠT',N'P029',N'TỐT')
INSERT INTO TB_THIET_BI VALUES(N'TB231',N'QUẠT',N'P029',N'TỐT')
INSERT INTO TB_THIET_BI VALUES(N'TB232',N'GIƯỜNG',N'P029',N'TỐT')
INSERT INTO TB_THIET_BI VALUES(N'TB233',N'GIƯỜNG',N'P029',N'TỐT')
INSERT INTO TB_THIET_BI VALUES(N'TB234',N'GIƯỜNG',N'P029',N'TỐT')
INSERT INTO TB_THIET_BI VALUES(N'TB235',N'ĐÈN',N'P029',N'TỐT')
INSERT INTO TB_THIET_BI VALUES(N'TB236',N'ĐÈN',N'P029',N'TỐT')

INSERT INTO TB_THIET_BI VALUES(N'TB237',N'QUẠT',N'P030',N'TỐT')
INSERT INTO TB_THIET_BI VALUES(N'TB238',N'QUẠT',N'P030',N'TỐT')
INSERT INTO TB_THIET_BI VALUES(N'TB239',N'GIƯỜNG',N'P030',N'TỐT')
INSERT INTO TB_THIET_BI VALUES(N'TB240',N'GIƯỜNG',N'P030',N'TỐT')
INSERT INTO TB_THIET_BI VALUES(N'TB241',N'GIƯỜNG',N'P030',N'TỐT')
INSERT INTO TB_THIET_BI VALUES(N'TB242',N'ĐÈN',N'P030',N'TỐT')
INSERT INTO TB_THIET_BI VALUES(N'TB243',N'ĐÈN',N'P030',N'TỐT')

INSERT INTO TB_THIET_BI VALUES(N'TB244',N'QUẠT',N'P031',N'TỐT')
INSERT INTO TB_THIET_BI VALUES(N'TB245',N'QUẠT',N'P031',N'TỐT')
INSERT INTO TB_THIET_BI VALUES(N'TB246',N'GIƯỜNG',N'P031',N'TỐT')
INSERT INTO TB_THIET_BI VALUES(N'TB247',N'GIƯỜNG',N'P031',N'TỐT')
INSERT INTO TB_THIET_BI VALUES(N'TB248',N'GIƯỜNG',N'P031',N'TỐT')
INSERT INTO TB_THIET_BI VALUES(N'TB249',N'ĐÈN',N'P031',N'TỐT')
INSERT INTO TB_THIET_BI VALUES(N'TB250',N'ĐÈN',N'P031',N'TỐT')

INSERT INTO TB_THIET_BI VALUES(N'TB251',N'QUẠT',N'P032',N'TỐT')
INSERT INTO TB_THIET_BI VALUES(N'TB252',N'QUẠT',N'P032',N'TỐT')
INSERT INTO TB_THIET_BI VALUES(N'TB253',N'GIƯỜNG',N'P032',N'TỐT')
INSERT INTO TB_THIET_BI VALUES(N'TB254',N'GIƯỜNG',N'P032',N'TỐT')
INSERT INTO TB_THIET_BI VALUES(N'TB255',N'GIƯỜNG',N'P032',N'TỐT')
INSERT INTO TB_THIET_BI VALUES(N'TB256',N'GIƯỜNG',N'P032',N'TỐT')
INSERT INTO TB_THIET_BI VALUES(N'TB257',N'ĐÈN',N'P032',N'TỐT')
INSERT INTO TB_THIET_BI VALUES(N'TB258',N'ĐÈN',N'P032',N'TỐT')

INSERT INTO TB_THIET_BI VALUES(N'TB259',N'QUẠT',N'P033',N'TỐT')
INSERT INTO TB_THIET_BI VALUES(N'TB260',N'QUẠT',N'P033',N'TỐT')
INSERT INTO TB_THIET_BI VALUES(N'TB261',N'GIƯỜNG',N'P033',N'TỐT')
INSERT INTO TB_THIET_BI VALUES(N'TB262',N'GIƯỜNG',N'P033',N'TỐT')
INSERT INTO TB_THIET_BI VALUES(N'TB263',N'GIƯỜNG',N'P033',N'TỐT')
INSERT INTO TB_THIET_BI VALUES(N'TB264',N'GIƯỜNG',N'P033',N'TỐT')
INSERT INTO TB_THIET_BI VALUES(N'TB265',N'GIƯỜNG',N'P033',N'TỐT')
INSERT INTO TB_THIET_BI VALUES(N'TB266',N'ĐÈN',N'P033',N'TỐT')
INSERT INTO TB_THIET_BI VALUES(N'TB267',N'ĐÈN',N'P033',N'TỐT')

INSERT INTO TB_THIET_BI VALUES(N'TB268',N'QUẠT',N'P034',N'TỐT')
INSERT INTO TB_THIET_BI VALUES(N'TB269',N'QUẠT',N'P034',N'TỐT')
INSERT INTO TB_THIET_BI VALUES(N'TB270',N'GIƯỜNG',N'P034',N'TỐT')
INSERT INTO TB_THIET_BI VALUES(N'TB271',N'GIƯỜNG',N'P034',N'TỐT')
INSERT INTO TB_THIET_BI VALUES(N'TB272',N'GIƯỜNG',N'P034',N'TỐT')
INSERT INTO TB_THIET_BI VALUES(N'TB273',N'ĐÈN',N'P034',N'TỐT')
INSERT INTO TB_THIET_BI VALUES(N'TB274',N'ĐÈN',N'P034',N'TỐT')

INSERT INTO TB_THIET_BI VALUES(N'TB275',N'QUẠT',N'P035',N'TỐT')
INSERT INTO TB_THIET_BI VALUES(N'TB276',N'QUẠT',N'P035',N'TỐT')
INSERT INTO TB_THIET_BI VALUES(N'TB277',N'GIƯỜNG',N'P035',N'TỐT')
INSERT INTO TB_THIET_BI VALUES(N'TB278',N'GIƯỜNG',N'P035',N'TỐT')
INSERT INTO TB_THIET_BI VALUES(N'TB279',N'GIƯỜNG',N'P035',N'TỐT')
INSERT INTO TB_THIET_BI VALUES(N'TB280',N'ĐÈN',N'P035',N'TỐT')
INSERT INTO TB_THIET_BI VALUES(N'TB281',N'ĐÈN',N'P035',N'TỐT')

INSERT INTO TB_THIET_BI VALUES(N'TB282',N'QUẠT',N'P036',N'TỐT')
INSERT INTO TB_THIET_BI VALUES(N'TB283',N'QUẠT',N'P036',N'TỐT')
INSERT INTO TB_THIET_BI VALUES(N'TB284',N'GIƯỜNG',N'P036',N'TỐT')
INSERT INTO TB_THIET_BI VALUES(N'TB285',N'GIƯỜNG',N'P036',N'TỐT')
INSERT INTO TB_THIET_BI VALUES(N'TB286',N'GIƯỜNG',N'P036',N'TỐT')
INSERT INTO TB_THIET_BI VALUES(N'TB287',N'ĐÈN',N'P036',N'TỐT')
INSERT INTO TB_THIET_BI VALUES(N'TB288',N'ĐÈN',N'P036',N'TỐT')

INSERT INTO TB_THIET_BI VALUES(N'TB289',N'QUẠT',N'P037',N'TỐT')
INSERT INTO TB_THIET_BI VALUES(N'TB290',N'QUẠT',N'P037',N'TỐT')
INSERT INTO TB_THIET_BI VALUES(N'TB291',N'GIƯỜNG',N'P037',N'TỐT')
INSERT INTO TB_THIET_BI VALUES(N'TB292',N'GIƯỜNG',N'P037',N'TỐT')
INSERT INTO TB_THIET_BI VALUES(N'TB293',N'GIƯỜNG',N'P037',N'TỐT')
INSERT INTO TB_THIET_BI VALUES(N'TB294',N'GIƯỜNG',N'P037',N'TỐT')
INSERT INTO TB_THIET_BI VALUES(N'TB295',N'ĐÈN',N'P037',N'TỐT')
INSERT INTO TB_THIET_BI VALUES(N'TB296',N'ĐÈN',N'P037',N'TỐT')

INSERT INTO TB_THIET_BI VALUES(N'TB297',N'QUẠT',N'P038',N'TỐT')
INSERT INTO TB_THIET_BI VALUES(N'TB298',N'QUẠT',N'P038',N'TỐT')
INSERT INTO TB_THIET_BI VALUES(N'TB299',N'GIƯỜNG',N'P038',N'TỐT')
INSERT INTO TB_THIET_BI VALUES(N'TB300',N'GIƯỜNG',N'P038',N'TỐT')
INSERT INTO TB_THIET_BI VALUES(N'TB301',N'GIƯỜNG',N'P038',N'TỐT')
INSERT INTO TB_THIET_BI VALUES(N'TB302',N'GIƯỜNG',N'P038',N'TỐT')
INSERT INTO TB_THIET_BI VALUES(N'TB303',N'GIƯỜNG',N'P038',N'TỐT')
INSERT INTO TB_THIET_BI VALUES(N'TB304',N'ĐÈN',N'P038',N'TỐT')
INSERT INTO TB_THIET_BI VALUES(N'TB305',N'ĐÈN',N'P038',N'TỐT')

INSERT INTO TB_THIET_BI VALUES(N'TB306',N'QUẠT',N'P039',N'TỐT')
INSERT INTO TB_THIET_BI VALUES(N'TB307',N'QUẠT',N'P039',N'TỐT')
INSERT INTO TB_THIET_BI VALUES(N'TB308',N'GIƯỜNG',N'P039',N'TỐT')
INSERT INTO TB_THIET_BI VALUES(N'TB309',N'GIƯỜNG',N'P039',N'TỐT')
INSERT INTO TB_THIET_BI VALUES(N'TB310',N'GIƯỜNG',N'P039',N'TỐT')
INSERT INTO TB_THIET_BI VALUES(N'TB311',N'ĐÈN',N'P039',N'TỐT')
INSERT INTO TB_THIET_BI VALUES(N'TB312',N'ĐÈN',N'P039',N'TỐT')

INSERT INTO TB_THIET_BI VALUES(N'TB313',N'QUẠT',N'P040',N'TỐT')
INSERT INTO TB_THIET_BI VALUES(N'TB314',N'QUẠT',N'P040',N'TỐT')
INSERT INTO TB_THIET_BI VALUES(N'TB315',N'GIƯỜNG',N'P040',N'TỐT')
INSERT INTO TB_THIET_BI VALUES(N'TB316',N'GIƯỜNG',N'040',N'TỐT')
INSERT INTO TB_THIET_BI VALUES(N'TB317',N'GIƯỜNG',N'P040',N'TỐT')
INSERT INTO TB_THIET_BI VALUES(N'TB318',N'ĐÈN',N'P040',N'TỐT')
INSERT INTO TB_THIET_BI VALUES(N'TB319',N'ĐÈN',N'P040',N'TỐT')

INSERT INTO TB_THIET_BI VALUES(N'TB320',N'QUẠT',N'P025',N'TỐT')
INSERT INTO TB_THIET_BI VALUES(N'TB321',N'QUẠT',N'P025',N'TỐT')
INSERT INTO TB_THIET_BI VALUES(N'TB322',N'GIƯỜNG',N'P025',N'TỐT')
INSERT INTO TB_THIET_BI VALUES(N'TB323',N'GIƯỜNG',N'P025',N'TỐT')
INSERT INTO TB_THIET_BI VALUES(N'TB324',N'GIƯỜNG',N'P025',N'TỐT')
INSERT INTO TB_THIET_BI VALUES(N'TB325',N'ĐÈN',N'P025',N'TỐT')
INSERT INTO TB_THIET_BI VALUES(N'TB326',N'ĐÈN',N'P025',N'TỐT')
INSERT INTO TB_THIET_BI VALUES(N'TB327',N'NÓNG LẠNH',N'P025',N'TỐT')
INSERT INTO TB_THIET_BI VALUES(N'TB328',N'ĐIỀU HÒA',N'P025',N'TỐT')

INSERT INTO TB_THIET_BI VALUES(N'TB329',N'QUẠT',N'P041',N'TỐT')
INSERT INTO TB_THIET_BI VALUES(N'TB330',N'QUẠT',N'P041',N'TỐT')
INSERT INTO TB_THIET_BI VALUES(N'TB331',N'GIƯỜNG',N'P041',N'TỐT')
INSERT INTO TB_THIET_BI VALUES(N'TB332',N'GIƯỜNG',N'P041',N'TỐT')
INSERT INTO TB_THIET_BI VALUES(N'TB333',N'GIƯỜNG',N'P041',N'TỐT')
INSERT INTO TB_THIET_BI VALUES(N'TB334',N'ĐÈN',N'P041',N'TỐT')
INSERT INTO TB_THIET_BI VALUES(N'TB335',N'ĐÈN',N'P041',N'TỐT')
INSERT INTO TB_THIET_BI VALUES(N'TB336',N'NÓNG LẠNH',N'P041',N'TỐT')
INSERT INTO TB_THIET_BI VALUES(N'TB337',N'ĐIỀU HÒA',N'P041',N'TỐT')

INSERT INTO TB_THIET_BI VALUES(N'TB338',N'QUẠT',N'P042',N'TỐT')
INSERT INTO TB_THIET_BI VALUES(N'TB339',N'QUẠT',N'P042',N'TỐT')
INSERT INTO TB_THIET_BI VALUES(N'TB340',N'GIƯỜNG',N'P042',N'TỐT')
INSERT INTO TB_THIET_BI VALUES(N'TB341',N'GIƯỜNG',N'P042',N'TỐT')
INSERT INTO TB_THIET_BI VALUES(N'TB342',N'GIƯỜNG',N'P042',N'TỐT')
INSERT INTO TB_THIET_BI VALUES(N'TB343',N'ĐÈN',N'P042',N'TỐT')
INSERT INTO TB_THIET_BI VALUES(N'TB344',N'ĐÈN',N'P042',N'TỐT')
INSERT INTO TB_THIET_BI VALUES(N'TB345',N'NÓNG LẠNH',N'P042',N'TỐT')
INSERT INTO TB_THIET_BI VALUES(N'TB346',N'ĐIỀU HÒA',N'P042',N'TỐT')

INSERT INTO TB_THIET_BI VALUES(N'TB347',N'QUẠT',N'P043',N'TỐT')
INSERT INTO TB_THIET_BI VALUES(N'TB348',N'QUẠT',N'P043',N'TỐT')
INSERT INTO TB_THIET_BI VALUES(N'TB349',N'GIƯỜNG',N'P043',N'TỐT')
INSERT INTO TB_THIET_BI VALUES(N'TB350',N'GIƯỜNG',N'P043',N'TỐT')
INSERT INTO TB_THIET_BI VALUES(N'TB351',N'GIƯỜNG',N'P043',N'TỐT')
INSERT INTO TB_THIET_BI VALUES(N'TB352',N'ĐÈN',N'P043',N'TỐT')
INSERT INTO TB_THIET_BI VALUES(N'TB353',N'ĐÈN',N'P043',N'TỐT')
INSERT INTO TB_THIET_BI VALUES(N'TB354',N'NÓNG LẠNH',N'P043',N'TỐT')
INSERT INTO TB_THIET_BI VALUES(N'TB355',N'ĐIỀU HÒA',N'P043',N'TỐT')

INSERT INTO TB_THIET_BI VALUES(N'TB356',N'QUẠT',N'P044',N'TỐT')
INSERT INTO TB_THIET_BI VALUES(N'TB357',N'QUẠT',N'P044',N'TỐT')
INSERT INTO TB_THIET_BI VALUES(N'TB358',N'GIƯỜNG',N'P044',N'TỐT')
INSERT INTO TB_THIET_BI VALUES(N'TB359',N'GIƯỜNG',N'P044',N'TỐT')
INSERT INTO TB_THIET_BI VALUES(N'TB360',N'GIƯỜNG',N'P044',N'TỐT')
INSERT INTO TB_THIET_BI VALUES(N'TB361',N'ĐÈN',N'P044',N'TỐT')
INSERT INTO TB_THIET_BI VALUES(N'TB362',N'ĐÈN',N'P044',N'TỐT')
INSERT INTO TB_THIET_BI VALUES(N'TB363',N'NÓNG LẠNH',N'P044',N'TỐT')
INSERT INTO TB_THIET_BI VALUES(N'TB364',N'ĐIỀU HÒA',N'P044',N'TỐT')

INSERT INTO TB_THIET_BI VALUES(N'TB365',N'QUẠT',N'P046',N'TỐT')
INSERT INTO TB_THIET_BI VALUES(N'TB366',N'QUẠT',N'P046',N'TỐT')
INSERT INTO TB_THIET_BI VALUES(N'TB367',N'GIƯỜNG',N'P046',N'TỐT')
INSERT INTO TB_THIET_BI VALUES(N'TB368',N'GIƯỜNG',N'P046',N'TỐT')
INSERT INTO TB_THIET_BI VALUES(N'TB369',N'GIƯỜNG',N'P046',N'TỐT')
INSERT INTO TB_THIET_BI VALUES(N'TB370',N'ĐÈN',N'P046',N'TỐT')
INSERT INTO TB_THIET_BI VALUES(N'TB371',N'ĐÈN',N'P046',N'TỐT')

INSERT INTO TB_THIET_BI VALUES(N'TB372',N'QUẠT',N'P047',N'TỐT')
INSERT INTO TB_THIET_BI VALUES(N'TB373',N'QUẠT',N'P047',N'TỐT')
INSERT INTO TB_THIET_BI VALUES(N'TB374',N'GIƯỜNG',N'P047',N'TỐT')
INSERT INTO TB_THIET_BI VALUES(N'TB375',N'GIƯỜNG',N'P047',N'TỐT')
INSERT INTO TB_THIET_BI VALUES(N'TB376',N'GIƯỜNG',N'P047',N'TỐT')
INSERT INTO TB_THIET_BI VALUES(N'TB377',N'GIƯỜNG',N'P047',N'TỐT')
INSERT INTO TB_THIET_BI VALUES(N'TB378',N'ĐÈN',N'P047',N'TỐT')
INSERT INTO TB_THIET_BI VALUES(N'TB379',N'ĐÈN',N'P047',N'TỐT')

INSERT INTO TB_THIET_BI VALUES(N'TB380',N'QUẠT',N'P048',N'TỐT')
INSERT INTO TB_THIET_BI VALUES(N'TB381',N'QUẠT',N'P048',N'TỐT')
INSERT INTO TB_THIET_BI VALUES(N'TB382',N'GIƯỜNG',N'P048',N'TỐT')
INSERT INTO TB_THIET_BI VALUES(N'TB383',N'GIƯỜNG',N'P048',N'TỐT')
INSERT INTO TB_THIET_BI VALUES(N'TB384',N'GIƯỜNG',N'P048',N'TỐT')
INSERT INTO TB_THIET_BI VALUES(N'TB385',N'GIƯỜNG',N'P048',N'TỐT')
INSERT INTO TB_THIET_BI VALUES(N'TB386',N'GIƯỜNG',N'P048',N'TỐT')
INSERT INTO TB_THIET_BI VALUES(N'TB387',N'ĐÈN',N'P048',N'TỐT')
INSERT INTO TB_THIET_BI VALUES(N'TB388',N'ĐÈN',N'P048',N'TỐT')

INSERT INTO TB_THIET_BI VALUES(N'TB389',N'QUẠT',N'P049',N'TỐT')
INSERT INTO TB_THIET_BI VALUES(N'TB390',N'QUẠT',N'P049',N'TỐT')
INSERT INTO TB_THIET_BI VALUES(N'TB391',N'GIƯỜNG',N'P049',N'TỐT')
INSERT INTO TB_THIET_BI VALUES(N'TB392',N'GIƯỜNG',N'P049',N'TỐT')
INSERT INTO TB_THIET_BI VALUES(N'TB393',N'GIƯỜNG',N'P049',N'TỐT')
INSERT INTO TB_THIET_BI VALUES(N'TB394',N'ĐÈN',N'P049',N'TỐT')
INSERT INTO TB_THIET_BI VALUES(N'TB395',N'ĐÈN',N'P049',N'TỐT')

INSERT INTO TB_THIET_BI VALUES(N'TB396',N'QUẠT',N'P050',N'TỐT')
INSERT INTO TB_THIET_BI VALUES(N'TB397',N'QUẠT',N'P050',N'TỐT')
INSERT INTO TB_THIET_BI VALUES(N'TB398',N'GIƯỜNG',N'P050',N'TỐT')
INSERT INTO TB_THIET_BI VALUES(N'TB399',N'GIƯỜNG',N'P050',N'TỐT')
INSERT INTO TB_THIET_BI VALUES(N'TB400',N'GIƯỜNG',N'P050',N'TỐT')
INSERT INTO TB_THIET_BI VALUES(N'TB401',N'ĐÈN',N'P050',N'TỐT')
INSERT INTO TB_THIET_BI VALUES(N'TB402',N'ĐÈN',N'P050',N'TỐT')

INSERT INTO TB_THIET_BI VALUES(N'TB403',N'QUẠT',N'P051',N'TỐT')
INSERT INTO TB_THIET_BI VALUES(N'TB404',N'QUẠT',N'P051',N'TỐT')
INSERT INTO TB_THIET_BI VALUES(N'TB405',N'GIƯỜNG',N'P051',N'TỐT')
INSERT INTO TB_THIET_BI VALUES(N'TB406',N'GIƯỜNG',N'P051',N'TỐT')
INSERT INTO TB_THIET_BI VALUES(N'TB407',N'GIƯỜNG',N'P051',N'TỐT')
INSERT INTO TB_THIET_BI VALUES(N'TB408',N'ĐÈN',N'P051',N'TỐT')
INSERT INTO TB_THIET_BI VALUES(N'TB409',N'ĐÈN',N'P051',N'TỐT')

INSERT INTO TB_THIET_BI VALUES(N'TB410',N'QUẠT',N'P052',N'TỐT')
INSERT INTO TB_THIET_BI VALUES(N'TB411',N'QUẠT',N'P052',N'TỐT')
INSERT INTO TB_THIET_BI VALUES(N'TB412',N'GIƯỜNG',N'P052',N'TỐT')
INSERT INTO TB_THIET_BI VALUES(N'TB413',N'GIƯỜNG',N'P052',N'TỐT')
INSERT INTO TB_THIET_BI VALUES(N'TB414',N'GIƯỜNG',N'P052',N'TỐT')
INSERT INTO TB_THIET_BI VALUES(N'TB415',N'GIƯỜNG',N'P052',N'TỐT')
INSERT INTO TB_THIET_BI VALUES(N'TB416',N'ĐÈN',N'P052',N'TỐT')
INSERT INTO TB_THIET_BI VALUES(N'TB417',N'ĐÈN',N'P052',N'TỐT')

INSERT INTO TB_THIET_BI VALUES(N'TB418',N'QUẠT',N'P053',N'TỐT')
INSERT INTO TB_THIET_BI VALUES(N'TB419',N'QUẠT',N'P053',N'TỐT')
INSERT INTO TB_THIET_BI VALUES(N'TB420',N'GIƯỜNG',N'P053',N'TỐT')
INSERT INTO TB_THIET_BI VALUES(N'TB421',N'GIƯỜNG',N'P053',N'TỐT')
INSERT INTO TB_THIET_BI VALUES(N'TB423',N'GIƯỜNG',N'P053',N'TỐT')
INSERT INTO TB_THIET_BI VALUES(N'TB424',N'GIƯỜNG',N'P053',N'TỐT')
INSERT INTO TB_THIET_BI VALUES(N'TB425',N'GIƯỜNG',N'P053',N'TỐT')
INSERT INTO TB_THIET_BI VALUES(N'TB426',N'ĐÈN',N'P053',N'TỐT')
INSERT INTO TB_THIET_BI VALUES(N'TB427',N'ĐÈN',N'P053',N'TỐT')

INSERT INTO TB_THIET_BI VALUES(N'TB428',N'QUẠT',N'P054',N'TỐT')
INSERT INTO TB_THIET_BI VALUES(N'TB429',N'QUẠT',N'P054',N'TỐT')
INSERT INTO TB_THIET_BI VALUES(N'TB430',N'GIƯỜNG',N'P054',N'TỐT')
INSERT INTO TB_THIET_BI VALUES(N'TB431',N'GIƯỜNG',N'P054',N'TỐT')
INSERT INTO TB_THIET_BI VALUES(N'TB432',N'GIƯỜNG',N'P054',N'TỐT')
INSERT INTO TB_THIET_BI VALUES(N'TB433',N'ĐÈN',N'P054',N'TỐT')
INSERT INTO TB_THIET_BI VALUES(N'TB434',N'ĐÈN',N'P054',N'TỐT')

INSERT INTO TB_THIET_BI VALUES(N'TB435',N'QUẠT',N'P055',N'TỐT')
INSERT INTO TB_THIET_BI VALUES(N'TB436',N'QUẠT',N'P055',N'TỐT')
INSERT INTO TB_THIET_BI VALUES(N'TB437',N'GIƯỜNG',N'P055',N'TỐT')
INSERT INTO TB_THIET_BI VALUES(N'TB438',N'GIƯỜNG',N'P055',N'TỐT')
INSERT INTO TB_THIET_BI VALUES(N'TB439',N'GIƯỜNG',N'P055',N'TỐT')
INSERT INTO TB_THIET_BI VALUES(N'TB440',N'ĐÈN',N'P055',N'TỐT')
INSERT INTO TB_THIET_BI VALUES(N'TB441',N'ĐÈN',N'P055',N'TỐT')

INSERT INTO TB_THIET_BI VALUES(N'TB442',N'QUẠT',N'P056',N'TỐT')
INSERT INTO TB_THIET_BI VALUES(N'TB443',N'QUẠT',N'P056',N'TỐT')
INSERT INTO TB_THIET_BI VALUES(N'TB444',N'GIƯỜNG',N'P056',N'TỐT')
INSERT INTO TB_THIET_BI VALUES(N'TB445',N'GIƯỜNG',N'P056',N'TỐT')
INSERT INTO TB_THIET_BI VALUES(N'TB446',N'GIƯỜNG',N'P056',N'TỐT')
INSERT INTO TB_THIET_BI VALUES(N'TB447',N'ĐÈN',N'P056',N'TỐT')
INSERT INTO TB_THIET_BI VALUES(N'TB448',N'ĐÈN',N'P056',N'TỐT')

INSERT INTO TB_THIET_BI VALUES(N'TB449',N'QUẠT',N'P057',N'TỐT')
INSERT INTO TB_THIET_BI VALUES(N'TB450',N'QUẠT',N'P057',N'TỐT')
INSERT INTO TB_THIET_BI VALUES(N'TB451',N'GIƯỜNG',N'P057',N'TỐT')
INSERT INTO TB_THIET_BI VALUES(N'TB452',N'GIƯỜNG',N'P057',N'TỐT')
INSERT INTO TB_THIET_BI VALUES(N'TB453',N'GIƯỜNG',N'P057',N'TỐT')
INSERT INTO TB_THIET_BI VALUES(N'TB454',N'GIƯỜNG',N'P057',N'TỐT')
INSERT INTO TB_THIET_BI VALUES(N'TB455',N'ĐÈN',N'P057',N'TỐT')
INSERT INTO TB_THIET_BI VALUES(N'TB456',N'ĐÈN',N'P057',N'TỐT')

INSERT INTO TB_THIET_BI VALUES(N'TB457',N'QUẠT',N'P058',N'TỐT')
INSERT INTO TB_THIET_BI VALUES(N'TB458',N'QUẠT',N'P058',N'TỐT')
INSERT INTO TB_THIET_BI VALUES(N'TB459',N'GIƯỜNG',N'P058',N'TỐT')
INSERT INTO TB_THIET_BI VALUES(N'TB460',N'GIƯỜNG',N'P058',N'TỐT')
INSERT INTO TB_THIET_BI VALUES(N'TB461',N'GIƯỜNG',N'P058',N'TỐT')
INSERT INTO TB_THIET_BI VALUES(N'TB462',N'GIƯỜNG',N'P058',N'TỐT')
INSERT INTO TB_THIET_BI VALUES(N'TB463',N'GIƯỜNG',N'P058',N'TỐT')
INSERT INTO TB_THIET_BI VALUES(N'TB464',N'ĐÈN',N'P058',N'TỐT')
INSERT INTO TB_THIET_BI VALUES(N'TB465',N'ĐÈN',N'P058',N'TỐT')

INSERT INTO TB_THIET_BI VALUES(N'TB466',N'QUẠT',N'P059',N'TỐT')
INSERT INTO TB_THIET_BI VALUES(N'TB467',N'QUẠT',N'P059',N'TỐT')
INSERT INTO TB_THIET_BI VALUES(N'TB468',N'GIƯỜNG',N'P059',N'TỐT')
INSERT INTO TB_THIET_BI VALUES(N'TB469',N'GIƯỜNG',N'P059',N'TỐT')
INSERT INTO TB_THIET_BI VALUES(N'TB470',N'GIƯỜNG',N'P059',N'TỐT')
INSERT INTO TB_THIET_BI VALUES(N'TB471',N'ĐÈN',N'P059',N'TỐT')
INSERT INTO TB_THIET_BI VALUES(N'TB472',N'ĐÈN',N'P059',N'TỐT')

INSERT INTO TB_THIET_BI VALUES(N'TB473',N'QUẠT',N'P060',N'TỐT')
INSERT INTO TB_THIET_BI VALUES(N'TB474',N'QUẠT',N'P060',N'TỐT')
INSERT INTO TB_THIET_BI VALUES(N'TB475',N'GIƯỜNG',N'P060',N'TỐT')
INSERT INTO TB_THIET_BI VALUES(N'TB476',N'GIƯỜNG',N'P060',N'TỐT')
INSERT INTO TB_THIET_BI VALUES(N'TB477',N'GIƯỜNG',N'P060',N'TỐT')
INSERT INTO TB_THIET_BI VALUES(N'TB478',N'ĐÈN',N'P060',N'TỐT')
INSERT INTO TB_THIET_BI VALUES(N'TB479',N'ĐÈN',N'P060',N'TỐT')

INSERT INTO TB_THIET_BI VALUES(N'TB480',N'QUẠT',N'P045',N'TỐT')
INSERT INTO TB_THIET_BI VALUES(N'TB481',N'QUẠT',N'P045',N'TỐT')
INSERT INTO TB_THIET_BI VALUES(N'TB482',N'GIƯỜNG',N'P045',N'TỐT')
INSERT INTO TB_THIET_BI VALUES(N'TB483',N'GIƯỜNG',N'P045',N'TỐT')
INSERT INTO TB_THIET_BI VALUES(N'TB484',N'GIƯỜNG',N'P045',N'TỐT')
INSERT INTO TB_THIET_BI VALUES(N'TB485',N'ĐÈN',N'P045',N'TỐT')
INSERT INTO TB_THIET_BI VALUES(N'TB486',N'ĐÈN',N'P045',N'TỐT')
INSERT INTO TB_THIET_BI VALUES(N'TB487',N'NÓNG LẠNH',N'P045',N'TỐT')
INSERT INTO TB_THIET_BI VALUES(N'TB488',N'ĐIỀU HÒA',N'P045',N'TỐT')

-- chèn bảng Hợp đồng
insert into TB_HOPDONG values(N'HD001', '2020/2/5',2, N'P001', N'NV0005')
insert into TB_HOPDONG values(N'HD002', '2021/2/27',2, N'P001', N'NV0003')
insert into TB_HOPDONG values(N'HD003', '2020/6/13',2, N'P001', N'NV0005')
insert into TB_HOPDONG values(N'HD004', '2021/8/1',2, N'P001', N'NV0002')
insert into TB_HOPDONG values(N'HD005', '2020/6/22',2, N'P001', N'NV0004')
insert into TB_HOPDONG values(N'HD006', '2020/4/3',3, N'P001', N'NV0003')
insert into TB_HOPDONG values(N'HD007', '2021/10/14',3, N'P001', N'NV0001')
insert into TB_HOPDONG values(N'HD008', '2021/1/12',2, N'P002', N'NV0003')
insert into TB_HOPDONG values(N'HD009', '2021/3/14',3, N'P002', N'NV0003')
insert into TB_HOPDONG values(N'HD0010', '2020/10/16',3, N'P002', N'NV0005')
insert into TB_HOPDONG values(N'HD0011', '2021/5/22',3, N'P002', N'NV0001')
insert into TB_HOPDONG values(N'HD0012', '2021/2/17',3, N'P002', N'NV0004')
insert into TB_HOPDONG values(N'HD0013', '2020/12/16',2, N'P002', N'NV0002')
insert into TB_HOPDONG values(N'HD0014', '2021/3/12',2, N'P003', N'NV0003')
insert into TB_HOPDONG values(N'HD0015', '2020/8/22',3, N'P003', N'NV0004')
insert into TB_HOPDONG values(N'HD0016', '2020/7/13',2, N'P003', N'NV0003')
insert into TB_HOPDONG values(N'HD0017', '2020/10/23',2, N'P003', N'NV0001')
insert into TB_HOPDONG values(N'HD0018', '2020/3/10',2, N'P003', N'NV0005')
insert into TB_HOPDONG values(N'HD0019', '2020/8/11',2, N'P003', N'NV0004')
insert into TB_HOPDONG values(N'HD0020', '2021/9/14',2, N'P004', N'NV0005')
insert into TB_HOPDONG values(N'HD0021', '2021/3/4',3, N'P004', N'NV0005')
insert into TB_HOPDONG values(N'HD0022', '2021/9/3',2, N'P004', N'NV0003')
insert into TB_HOPDONG values(N'HD0023', '2020/8/13',2, N'P004', N'NV0005')
insert into TB_HOPDONG values(N'HD0024', '2021/7/25',2, N'P004', N'NV0001')
insert into TB_HOPDONG values(N'HD0025', '2020/10/5',2, N'P004', N'NV0003')
insert into TB_HOPDONG values(N'HD0026', '2020/1/24',2, N'P005', N'NV0001')
insert into TB_HOPDONG values(N'HD0027', '2021/12/17',2, N'P005', N'NV0001')
insert into TB_HOPDONG values(N'HD0028', '2021/7/4',2, N'P005', N'NV0002')
insert into TB_HOPDONG values(N'HD0029', '2020/10/25',2, N'P005', N'NV0003')
insert into TB_HOPDONG values(N'HD0030', '2020/6/1',3, N'P005', N'NV0001')
insert into TB_HOPDONG values(N'HD0031', '2020/6/11',2, N'P005', N'NV0003')
insert into TB_HOPDONG values(N'HD0032', '2020/12/9',3, N'P006', N'NV0005')
insert into TB_HOPDONG values(N'HD0033', '2020/4/16',2, N'P006', N'NV0005')
insert into TB_HOPDONG values(N'HD0034', '2020/11/30',3, N'P006', N'NV0002')
insert into TB_HOPDONG values(N'HD0035', '2021/10/13',3, N'P006', N'NV0005')
insert into TB_HOPDONG values(N'HD0036', '2020/8/16',2, N'P006', N'NV0002')
insert into TB_HOPDONG values(N'HD0037', '2020/9/15',3, N'P006', N'NV0003')
insert into TB_HOPDONG values(N'HD0038', '2021/1/27',3, N'P006', N'NV0001')
insert into TB_HOPDONG values(N'HD0039', '2021/2/10',3, N'P007', N'NV0003')
insert into TB_HOPDONG values(N'HD0040', '2020/5/2',2, N'P007', N'NV0001')
insert into TB_HOPDONG values(N'HD0041', '2020/1/27',2, N'P007', N'NV0004')
insert into TB_HOPDONG values(N'HD0042', '2020/7/13',2, N'P007', N'NV0002')
insert into TB_HOPDONG values(N'HD0043', '2021/8/27',3, N'P007', N'NV0003')
insert into TB_HOPDONG values(N'HD0044', '2020/6/10',3, N'P007', N'NV0003')
insert into TB_HOPDONG values(N'HD0045', '2020/10/26',2, N'P008', N'NV0005')
insert into TB_HOPDONG values(N'HD0046', '2020/3/13',2, N'P008', N'NV0003')
insert into TB_HOPDONG values(N'HD0047', '2021/1/21',3, N'P008', N'NV0003')
insert into TB_HOPDONG values(N'HD0048', '2021/2/23',2, N'P008', N'NV0004')
insert into TB_HOPDONG values(N'HD0049', '2020/9/26',3, N'P008', N'NV0004')
insert into TB_HOPDONG values(N'HD0050', '2021/12/24',2, N'P008', N'NV0001')
insert into TB_HOPDONG values(N'HD0051', '2021/11/7',2, N'P009', N'NV0004')
insert into TB_HOPDONG values(N'HD0052', '2021/5/6',3, N'P009', N'NV0004')
insert into TB_HOPDONG values(N'HD0053', '2021/2/17',2, N'P009', N'NV0005')
insert into TB_HOPDONG values(N'HD0054', '2020/6/22',3, N'P009', N'NV0001')
insert into TB_HOPDONG values(N'HD0055', '2020/10/12',2, N'P009', N'NV0002')
insert into TB_HOPDONG values(N'HD0056', '2020/7/24',2, N'P009', N'NV0001')
insert into TB_HOPDONG values(N'HD0057', '2020/6/7',3, N'P009', N'NV0002')
insert into TB_HOPDONG values(N'HD0058', '2020/6/8',2, N'P010', N'NV0002')
insert into TB_HOPDONG values(N'HD0059', '2020/12/13',2, N'P010', N'NV0004')
insert into TB_HOPDONG values(N'HD0060', '2020/5/26',2, N'P010', N'NV0003')
insert into TB_HOPDONG values(N'HD0061', '2021/11/20',2, N'P010', N'NV0004')
insert into TB_HOPDONG values(N'HD0062', '2021/3/6',2, N'P010', N'NV0004')
insert into TB_HOPDONG values(N'HD0063', '2020/10/20',3, N'P010', N'NV0001')
insert into TB_HOPDONG values(N'HD0064', '2020/3/9',3, N'P010', N'NV0003')
insert into TB_HOPDONG values(N'HD0065', '2021/7/12',3, N'P011', N'NV0001')
insert into TB_HOPDONG values(N'HD0066', '2020/2/24',3, N'P011', N'NV0001')
insert into TB_HOPDONG values(N'HD0067', '2020/6/26',2, N'P011', N'NV0003')
insert into TB_HOPDONG values(N'HD0068', '2021/2/13',2, N'P011', N'NV0003')
insert into TB_HOPDONG values(N'HD0069', '2020/12/19',2, N'P011', N'NV0004')
insert into TB_HOPDONG values(N'HD0070', '2021/9/3',2, N'P011', N'NV0005')
insert into TB_HOPDONG values(N'HD0071', '2021/2/29',2, N'P011', N'NV0001')
insert into TB_HOPDONG values(N'HD0072', '2020/12/6',2, N'P012', N'NV0002')
insert into TB_HOPDONG values(N'HD0073', '2021/4/9',3, N'P012', N'NV0003')
insert into TB_HOPDONG values(N'HD0074', '2021/12/9',3, N'P012', N'NV0005')
insert into TB_HOPDONG values(N'HD0075', '2020/9/3',3, N'P012', N'NV0002')
insert into TB_HOPDONG values(N'HD0076', '2020/10/8',3, N'P012', N'NV0004')
insert into TB_HOPDONG values(N'HD0077', '2020/2/24',3, N'P012', N'NV0002')
insert into TB_HOPDONG values(N'HD0078', '2020/1/5',2, N'P013', N'NV0003')
insert into TB_HOPDONG values(N'HD0079', '2021/9/3',3, N'P013', N'NV0001')
insert into TB_HOPDONG values(N'HD0080', '2020/4/15',2, N'P013', N'NV0002')
insert into TB_HOPDONG values(N'HD0081', '2020/12/28',2, N'P013', N'NV0005')
insert into TB_HOPDONG values(N'HD0082', '2020/4/12',2, N'P013', N'NV0004')
insert into TB_HOPDONG values(N'HD0083', '2021/3/21',3, N'P013', N'NV0003')
insert into TB_HOPDONG values(N'HD0084', '2020/6/24',3, N'P014', N'NV0001')
insert into TB_HOPDONG values(N'HD0085', '2020/7/19',2, N'P014', N'NV0001')
insert into TB_HOPDONG values(N'HD0086', '2021/2/29',2, N'P014', N'NV0003')
insert into TB_HOPDONG values(N'HD0087', '2021/1/25',2, N'P014', N'NV0005')
insert into TB_HOPDONG values(N'HD0088', '2021/1/13',2, N'P014', N'NV0002')
insert into TB_HOPDONG values(N'HD0089', '2020/12/12',2, N'P014', N'NV0004')
insert into TB_HOPDONG values(N'HD0090', '2021/7/8',2, N'P015', N'NV0004')
insert into TB_HOPDONG values(N'HD0091', '2021/6/10',3, N'P015', N'NV0004')
insert into TB_HOPDONG values(N'HD0092', '2021/8/10',3, N'P015', N'NV0001')
insert into TB_HOPDONG values(N'HD0093', '2020/1/13',3, N'P015', N'NV0001')
insert into TB_HOPDONG values(N'HD0094', '2021/12/27',3, N'P015', N'NV0004')
insert into TB_HOPDONG values(N'HD0095', '2020/12/6',3, N'P015', N'NV0004')
insert into TB_HOPDONG values(N'HD0096', '2021/3/28',2, N'P016', N'NV0002')
insert into TB_HOPDONG values(N'HD0097', '2020/3/2',2, N'P016', N'NV0001')
insert into TB_HOPDONG values(N'HD0098', '2020/6/2',3, N'P016', N'NV0005')
insert into TB_HOPDONG values(N'HD0099', '2021/3/6',2, N'P016', N'NV0001')
insert into TB_HOPDONG values(N'HD00100', '2020/8/27',2, N'P016', N'NV0001')
insert into TB_HOPDONG values(N'HD00101', '2020/10/25',3, N'P016', N'NV0005')
insert into TB_HOPDONG values(N'HD00102', '2021/12/6',3, N'P016', N'NV0004')
insert into TB_HOPDONG values(N'HD00103', '2021/5/24',3, N'P017', N'NV0003')
insert into TB_HOPDONG values(N'HD00104', '2020/3/23',3, N'P017', N'NV0003')
insert into TB_HOPDONG values(N'HD00105', '2020/2/13',3, N'P017', N'NV0005')
insert into TB_HOPDONG values(N'HD00106', '2020/4/11',2, N'P017', N'NV0004')
insert into TB_HOPDONG values(N'HD00107', '2021/10/8',2, N'P017', N'NV0001')
insert into TB_HOPDONG values(N'HD00108', '2021/5/10',3, N'P017', N'NV0002')
insert into TB_HOPDONG values(N'HD00109', '2020/6/10',2, N'P017', N'NV0002')
insert into TB_HOPDONG values(N'HD00110', '2021/11/29',2, N'P018', N'NV0005')
insert into TB_HOPDONG values(N'HD00111', '2021/4/30',3, N'P018', N'NV0002')
insert into TB_HOPDONG values(N'HD00112', '2021/5/5',2, N'P018', N'NV0003')
insert into TB_HOPDONG values(N'HD00113', '2021/1/28',2, N'P018', N'NV0005')
insert into TB_HOPDONG values(N'HD00114', '2021/2/29',3, N'P018', N'NV0003')
insert into TB_HOPDONG values(N'HD00115', '2021/12/22',2, N'P018', N'NV0003')
insert into TB_HOPDONG values(N'HD00116', '2021/4/12',3, N'P018', N'NV0004')
insert into TB_HOPDONG values(N'HD00117', '2021/11/11',3, N'P019', N'NV0005')
insert into TB_HOPDONG values(N'HD00118', '2020/11/8',3, N'P019', N'NV0001')
insert into TB_HOPDONG values(N'HD00119', '2021/9/17',3, N'P019', N'NV0004')
insert into TB_HOPDONG values(N'HD00120', '2020/8/30',3, N'P019', N'NV0005')
insert into TB_HOPDONG values(N'HD00121', '2021/5/7',3, N'P019', N'NV0002')
insert into TB_HOPDONG values(N'HD00122', '2020/9/13',3, N'P019', N'NV0002')
insert into TB_HOPDONG values(N'HD00123', '2020/10/8',2, N'P020', N'NV0005')
insert into TB_HOPDONG values(N'HD00124', '2020/1/25',3, N'P020', N'NV0001')
insert into TB_HOPDONG values(N'HD00125', '2020/9/13',2, N'P020', N'NV0002')
insert into TB_HOPDONG values(N'HD00126', '2020/8/16',3, N'P020', N'NV0004')
insert into TB_HOPDONG values(N'HD00127', '2020/2/8',3, N'P020', N'NV0003')
insert into TB_HOPDONG values(N'HD00128', '2021/10/25',2, N'P020', N'NV0005')
insert into TB_HOPDONG values(N'HD00129', '2020/5/15',3, N'P020', N'NV0004')
insert into TB_HOPDONG values(N'HD00130', '2021/9/5',2, N'P021', N'NV0002')
insert into TB_HOPDONG values(N'HD00131', '2021/10/7',2, N'P021', N'NV0004')
insert into TB_HOPDONG values(N'HD00132', '2021/3/14',3, N'P021', N'NV0001')
insert into TB_HOPDONG values(N'HD00133', '2021/6/10',3, N'P021', N'NV0003')
insert into TB_HOPDONG values(N'HD00134', '2021/2/2',3, N'P021', N'NV0004')
insert into TB_HOPDONG values(N'HD00135', '2021/9/16',2, N'P021', N'NV0004')
insert into TB_HOPDONG values(N'HD00136', '2020/9/18',3, N'P022', N'NV0001')
insert into TB_HOPDONG values(N'HD00137', '2020/10/16',2, N'P022', N'NV0005')
insert into TB_HOPDONG values(N'HD00138', '2021/6/24',2, N'P022', N'NV0002')
insert into TB_HOPDONG values(N'HD00139', '2021/8/20',3, N'P022', N'NV0003')
insert into TB_HOPDONG values(N'HD00140', '2020/1/18',3, N'P022', N'NV0004')
insert into TB_HOPDONG values(N'HD00141', '2021/6/9',2, N'P022', N'NV0001')
insert into TB_HOPDONG values(N'HD00142', '2021/4/6',3, N'P022', N'NV0003')
insert into TB_HOPDONG values(N'HD00143', '2021/12/30',2, N'P023', N'NV0001')
insert into TB_HOPDONG values(N'HD00144', '2020/3/26',2, N'P023', N'NV0005')
insert into TB_HOPDONG values(N'HD00145', '2020/2/11',3, N'P023', N'NV0003')
insert into TB_HOPDONG values(N'HD00146', '2020/12/8',2, N'P023', N'NV0003')
insert into TB_HOPDONG values(N'HD00147', '2021/5/27',3, N'P023', N'NV0004')
insert into TB_HOPDONG values(N'HD00148', '2020/8/9',2, N'P023', N'NV0002')
insert into TB_HOPDONG values(N'HD00149', '2020/2/22',2, N'P023', N'NV0005')
insert into TB_HOPDONG values(N'HD00150', '2021/6/3',3, N'P024', N'NV0005')
-- Những SV đã trả phòng
insert into TB_HOPDONG values(N'HD00151', '2019/11/12',1, N'P002', N'NV0002')
insert into TB_HOPDONG values(N'HD00152', '2019/6/23',1, N'P003', N'NV0002')
insert into TB_HOPDONG values(N'HD00153', '2019/7/12',2, N'P004', N'NV0001')
insert into TB_HOPDONG values(N'HD00154', '2019/11/27',3, N'P005', N'NV0002')
insert into TB_HOPDONG values(N'HD00155', '2019/3/25',3, N'P006', N'NV0003')
insert into TB_HOPDONG values(N'HD00156', '2019/1/20',3, N'P007', N'NV0004')
insert into TB_HOPDONG values(N'HD00157', '2019/1/16',1, N'P008', N'NV0002')
insert into TB_HOPDONG values(N'HD00158', '2019/4/22',3, N'P009', N'NV0002')
insert into TB_HOPDONG values(N'HD00159', '2019/11/21',1, N'P010', N'NV0001')
insert into TB_HOPDONG values(N'HD00160', '2019/3/21',1, N'P011', N'NV0004')
insert into TB_HOPDONG values(N'HD00161', '2019/10/10',3, N'P012', N'NV0001')
insert into TB_HOPDONG values(N'HD00162', '2019/1/16',1, N'P013', N'NV0003')
insert into TB_HOPDONG values(N'HD00163', '2019/8/2',1, N'P014', N'NV0002')
insert into TB_HOPDONG values(N'HD00164', '2019/4/4',3, N'P015', N'NV0001')
insert into TB_HOPDONG values(N'HD00165', '2019/6/17',3, N'P016', N'NV0005')
insert into TB_HOPDONG values(N'HD00166', '2019/4/2',2, N'P017', N'NV0003')
insert into TB_HOPDONG values(N'HD00167', '2019/4/13',3, N'P018', N'NV0004')
insert into TB_HOPDONG values(N'HD00168', '2019/5/6',3, N'P019', N'NV0003')
insert into TB_HOPDONG values(N'HD00169', '2019/2/15',3, N'P020', N'NV0002')
insert into TB_HOPDONG values(N'HD00170', '2019/2/28',2, N'P021', N'NV0001')
insert into TB_HOPDONG values(N'HD00171', '2019/5/13',3, N'P022', N'NV0005')
insert into TB_HOPDONG values(N'HD00172', '2019/5/26',3, N'P023', N'NV0002')
insert into TB_HOPDONG values(N'HD00173', '2019/1/29',2, N'P024', N'NV0002')
insert into TB_HOPDONG values(N'HD00174', '2019/5/30',2, N'P025', N'NV0003')
insert into TB_HOPDONG values(N'HD00175', '2019/9/22',1, N'P025', N'NV0005')
insert into TB_HOPDONG values(N'HD00176', '2019/10/19',1, N'P026', N'NV0002')
insert into TB_HOPDONG values(N'HD00177', '2019/6/20',1, N'P026', N'NV0004')
insert into TB_HOPDONG values(N'HD00178', '2019/6/7',3, N'P026', N'NV0004')
insert into TB_HOPDONG values(N'HD00179', '2019/5/20',2, N'P026', N'NV0005')
insert into TB_HOPDONG values(N'HD00180', '2019/2/20',1, N'P026', N'NV0004')
insert into TB_HOPDONG values(N'HD00181', '2019/12/22',3, N'P026', N'NV0004')
insert into TB_HOPDONG values(N'HD00182', '2019/3/21',2, N'P026', N'NV0004')
insert into TB_HOPDONG values(N'HD00183', '2019/4/19',1, N'P027', N'NV0005')
insert into TB_HOPDONG values(N'HD00184', '2019/4/14',1, N'P027', N'NV0002')
insert into TB_HOPDONG values(N'HD00185', '2019/2/5',2, N'P027', N'NV0005')
insert into TB_HOPDONG values(N'HD00186', '2019/10/21',2, N'P027', N'NV0004')
insert into TB_HOPDONG values(N'HD00187', '2019/2/1',2, N'P027', N'NV0005')
insert into TB_HOPDONG values(N'HD00188', '2019/12/20',2, N'P027', N'NV0005')
insert into TB_HOPDONG values(N'HD00189', '2019/10/7',1, N'P027', N'NV0003')
insert into TB_HOPDONG values(N'HD00190', '2019/5/25',1, N'P028', N'NV0004')
insert into TB_HOPDONG values(N'HD00191', '2019/8/16',1, N'P028', N'NV0002')
insert into TB_HOPDONG values(N'HD00192', '2019/3/22',2, N'P028', N'NV0003')
insert into TB_HOPDONG values(N'HD00193', '2019/5/9',2, N'P028', N'NV0002')
insert into TB_HOPDONG values(N'HD00194', '2019/6/2',3, N'P028', N'NV0001')
insert into TB_HOPDONG values(N'HD00195', '2019/2/27',1, N'P028', N'NV0002')
insert into TB_HOPDONG values(N'HD00196', '2019/10/10',2, N'P028', N'NV0003')
insert into TB_HOPDONG values(N'HD00197', '2019/8/28',1, N'P029', N'NV0001')
insert into TB_HOPDONG values(N'HD00198', '2019/2/17',3, N'P029', N'NV0001')
insert into TB_HOPDONG values(N'HD00199', '2019/9/29',3, N'P029', N'NV0001')
insert into TB_HOPDONG values(N'HD00200', '2019/5/19',1, N'P029', N'NV0003')

--những khu nhà
GO
INSERT INTO TB_KHU_NHA VALUES(N'KN01',N'A')
INSERT INTO TB_KHU_NHA VALUES(N'KN02',N'B')
INSERT INTO TB_KHU_NHA VALUES(N'KN03',N'C')

--các phòng
GO
INSERT INTO TB_Phong VALUES(N'P001',N'11A',N'KN01',N'DỊCH VỤ',6,0,3600000)
INSERT INTO TB_Phong VALUES(N'P002',N'12A',N'KN01',N'DỊCH VỤ',6,0,3600000)
INSERT INTO TB_Phong VALUES(N'P003',N'13A',N'KN01',N'DỊCH VỤ',6,0,3600000)
INSERT INTO TB_Phong VALUES(N'P004',N'14A',N'KN01',N'DỊCH VỤ',6,0,3600000)
INSERT INTO TB_Phong VALUES(N'P005',N'15A',N'KN01',N'DỊCH VỤ',6,0,3600000)
INSERT INTO TB_Phong VALUES(N'P006',N'21A',N'KN01',N'THƯỜNG',6,0,2100000)
INSERT INTO TB_Phong VALUES(N'P007',N'22A',N'KN01',N'THƯỜNG',8,0,2000000)
INSERT INTO TB_Phong VALUES(N'P008',N'23A',N'KN01',N'THƯỜNG',10,0,3000000)
INSERT INTO TB_Phong VALUES(N'P009',N'24A',N'KN01',N'THƯỜNG',6,0,2100000)
INSERT INTO TB_Phong VALUES(N'P010',N'25A',N'KN01',N'THƯỜNG',6,0,2100000)
INSERT INTO TB_Phong VALUES(N'P011',N'31A',N'KN01',N'THƯỜNG',6,0,2100000)
INSERT INTO TB_Phong VALUES(N'P012',N'32A',N'KN01',N'THƯỜNG',8,0,2000000)
INSERT INTO TB_Phong VALUES(N'P013',N'33A',N'KN01',N'THƯỜNG',10,0,3000000)
INSERT INTO TB_Phong VALUES(N'P014',N'34A',N'KN01',N'THƯỜNG',6,0,2100000)
INSERT INTO TB_Phong VALUES(N'P015',N'35A',N'KN01',N'THƯỜNG',6,0,2100000)
INSERT INTO TB_Phong VALUES(N'P016',N'41A',N'KN01',N'THƯỜNG',6,0,2100000)
INSERT INTO TB_Phong VALUES(N'P017',N'42A',N'KN01',N'THƯỜNG',8,0,2000000)
INSERT INTO TB_Phong VALUES(N'P018',N'43A',N'KN01',N'THƯỜNG',10,0,3000000)
INSERT INTO TB_Phong VALUES(N'P019',N'44A',N'KN01',N'THƯỜNG',6,0,2100000)
INSERT INTO TB_Phong VALUES(N'P020',N'55A',N'KN01',N'THƯỜNG',6,0,2100000)

INSERT INTO TB_Phong VALUES(N'P021',N'11B',N'KN02',N'DỊCH VỤ',6,0,3600000)
INSERT INTO TB_Phong VALUES(N'P022',N'12B',N'KN02',N'DỊCH VỤ',6,0,3600000)
INSERT INTO TB_Phong VALUES(N'P023',N'13B',N'KN02',N'DỊCH VỤ',6,0,3600000)
INSERT INTO TB_Phong VALUES(N'P024',N'14B',N'KN02',N'DỊCH VỤ',6,0,3600000)
INSERT INTO TB_Phong VALUES(N'P025',N'15B',N'KN02',N'DỊCH VỤ',6,0,3600000)
INSERT INTO TB_Phong VALUES(N'P026',N'21B',N'KN02',N'THƯỜNG',6,0,2100000)
INSERT INTO TB_Phong VALUES(N'P027',N'22B',N'KN02',N'THƯỜNG',8,0,2000000)
INSERT INTO TB_Phong VALUES(N'P028',N'23B',N'KN02',N'THƯỜNG',10,0,3000000)
INSERT INTO TB_Phong VALUES(N'P029',N'24B',N'KN02',N'THƯỜNG',6,0,2100000)
INSERT INTO TB_Phong VALUES(N'P030',N'25B',N'KN02',N'THƯỜNG',6,0,2100000)
INSERT INTO TB_Phong VALUES(N'P031',N'31B',N'KN02',N'THƯỜNG',6,0,2100000)
INSERT INTO TB_Phong VALUES(N'P032',N'32B',N'KN02',N'THƯỜNG',8,0,2000000)
INSERT INTO TB_Phong VALUES(N'P033',N'33B',N'KN02',N'THƯỜNG',10,0,3000000)
INSERT INTO TB_Phong VALUES(N'P034',N'34B',N'KN02',N'THƯỜNG',6,0,2100000)
INSERT INTO TB_Phong VALUES(N'P035',N'35B',N'KN02',N'THƯỜNG',6,0,2100000)
INSERT INTO TB_Phong VALUES(N'P036',N'41B',N'KN02',N'THƯỜNG',6,0,2100000)
INSERT INTO TB_Phong VALUES(N'P037',N'42B',N'KN02',N'THƯỜNG',8,0,2000000)
INSERT INTO TB_Phong VALUES(N'P038',N'43B',N'KN02',N'THƯỜNG',10,0,3000000)
INSERT INTO TB_Phong VALUES(N'P039',N'44B',N'KN02',N'THƯỜNG',6,0,2100000)
INSERT INTO TB_Phong VALUES(N'P040',N'55B',N'KN02',N'THƯỜNG',6,0,2100000)

INSERT INTO TB_Phong VALUES(N'P041',N'11C',N'KN03',N'DỊCH VỤ',6,0,3600000)
INSERT INTO TB_Phong VALUES(N'P042',N'12C',N'KN03',N'DỊCH VỤ',6,0,3600000)
INSERT INTO TB_Phong VALUES(N'P043',N'13C',N'KN03',N'DỊCH VỤ',6,0,3600000)
INSERT INTO TB_Phong VALUES(N'P044',N'14C',N'KN03',N'DỊCH VỤ',6,0,3600000)
INSERT INTO TB_Phong VALUES(N'P045',N'15C',N'KN03',N'DỊCH VỤ',6,0,3600000)
INSERT INTO TB_Phong VALUES(N'P046',N'21C',N'KN03',N'THƯỜNG',6,0,2100000)
INSERT INTO TB_Phong VALUES(N'P047',N'22C',N'KN03',N'THƯỜNG',8,0,2000000)
INSERT INTO TB_Phong VALUES(N'P048',N'23C',N'KN03',N'THƯỜNG',10,0,3000000)
INSERT INTO TB_Phong VALUES(N'P049',N'24C',N'KN03',N'THƯỜNG',6,0,2100000)
INSERT INTO TB_Phong VALUES(N'P050',N'25C',N'KN03',N'THƯỜNG',6,0,2100000)
INSERT INTO TB_Phong VALUES(N'P051',N'31C',N'KN03',N'THƯỜNG',6,0,2100000)
INSERT INTO TB_Phong VALUES(N'P052',N'32C',N'KN03',N'THƯỜNG',8,0,2000000)
INSERT INTO TB_Phong VALUES(N'P053',N'33C',N'KN03',N'THƯỜNG',10,0,3000000)
INSERT INTO TB_Phong VALUES(N'P054',N'34C',N'KN03',N'THƯỜNG',6,0,2100000)
INSERT INTO TB_Phong VALUES(N'P055',N'35C',N'KN03',N'THƯỜNG',6,0,2100000)
INSERT INTO TB_Phong VALUES(N'P056',N'41C',N'KN03',N'THƯỜNG',6,0,2100000)
INSERT INTO TB_Phong VALUES(N'P057',N'42C',N'KN03',N'THƯỜNG',8,0,2000000)
INSERT INTO TB_Phong VALUES(N'P058',N'43C',N'KN03',N'THƯỜNG',10,0,3000000)
INSERT INTO TB_Phong VALUES(N'P059',N'44C',N'KN03',N'THƯỜNG',6,0,2100000)
INSERT INTO TB_Phong VALUES(N'P060',N'55C',N'KN03',N'THƯỜNG',6,0,2100000)
GO
--các thiết bị
INSERT INTO TB_THIET_BI VALUES(N'TB001',N'QUẠT',N'P001',N'TỐT')
INSERT INTO TB_THIET_BI VALUES(N'TB002',N'QUẠT',N'P001',N'TỐT')
INSERT INTO TB_THIET_BI VALUES(N'TB003',N'GIƯỜNG',N'P001',N'TỐT')
INSERT INTO TB_THIET_BI VALUES(N'TB004',N'GIƯỜNG',N'P001',N'TỐT')
INSERT INTO TB_THIET_BI VALUES(N'TB005',N'GIƯỜNG',N'P001',N'TỐT')
INSERT INTO TB_THIET_BI VALUES(N'TB006',N'ĐÈN',N'P001',N'TỐT')
INSERT INTO TB_THIET_BI VALUES(N'TB007',N'ĐÈN',N'P001',N'TỐT')
INSERT INTO TB_THIET_BI VALUES(N'TB008',N'NÓNG LẠNH',N'P001',N'TỐT')
INSERT INTO TB_THIET_BI VALUES(N'TB009',N'ĐIỀU HÒA',N'P001',N'TỐT')

INSERT INTO TB_THIET_BI VALUES(N'TB010',N'QUẠT',N'P002',N'TỐT')
INSERT INTO TB_THIET_BI VALUES(N'TB011',N'QUẠT',N'P002',N'TỐT')
INSERT INTO TB_THIET_BI VALUES(N'TB012',N'GIƯỜNG',N'P002',N'TỐT')
INSERT INTO TB_THIET_BI VALUES(N'TB013',N'GIƯỜNG',N'P002',N'TỐT')
INSERT INTO TB_THIET_BI VALUES(N'TB014',N'GIƯỜNG',N'P002',N'TỐT')
INSERT INTO TB_THIET_BI VALUES(N'TB015',N'ĐÈN',N'P002',N'TỐT')
INSERT INTO TB_THIET_BI VALUES(N'TB016',N'ĐÈN',N'P002',N'TỐT')
INSERT INTO TB_THIET_BI VALUES(N'TB017',N'NÓNG LẠNH',N'P002',N'TỐT')
INSERT INTO TB_THIET_BI VALUES(N'TB018',N'ĐIỀU HÒA',N'P002',N'TỐT')

INSERT INTO TB_THIET_BI VALUES(N'TB019',N'QUẠT',N'P003',N'TỐT')
INSERT INTO TB_THIET_BI VALUES(N'TB020',N'QUẠT',N'P003',N'TỐT')
INSERT INTO TB_THIET_BI VALUES(N'TB021',N'GIƯỜNG',N'P003',N'TỐT')
INSERT INTO TB_THIET_BI VALUES(N'TB022',N'GIƯỜNG',N'P003',N'TỐT')
INSERT INTO TB_THIET_BI VALUES(N'TB023',N'GIƯỜNG',N'P003',N'TỐT')
INSERT INTO TB_THIET_BI VALUES(N'TB024',N'ĐÈN',N'P003',N'TỐT')
INSERT INTO TB_THIET_BI VALUES(N'TB025',N'ĐÈN',N'P003',N'TỐT')
INSERT INTO TB_THIET_BI VALUES(N'TB026',N'NÓNG LẠNH',N'P003',N'TỐT')
INSERT INTO TB_THIET_BI VALUES(N'TB027',N'ĐIỀU HÒA',N'P003',N'TỐT')

INSERT INTO TB_THIET_BI VALUES(N'TB028',N'QUẠT',N'P004',N'TỐT')
INSERT INTO TB_THIET_BI VALUES(N'TB029',N'QUẠT',N'P004',N'TỐT')
INSERT INTO TB_THIET_BI VALUES(N'TB030',N'GIƯỜNG',N'P004',N'TỐT')
INSERT INTO TB_THIET_BI VALUES(N'TB031',N'GIƯỜNG',N'P004',N'TỐT')
INSERT INTO TB_THIET_BI VALUES(N'TB032',N'GIƯỜNG',N'P004',N'TỐT')
INSERT INTO TB_THIET_BI VALUES(N'TB033',N'ĐÈN',N'P004',N'TỐT')
INSERT INTO TB_THIET_BI VALUES(N'TB034',N'ĐÈN',N'P004',N'TỐT')
INSERT INTO TB_THIET_BI VALUES(N'TB035',N'NÓNG LẠNH',N'P004',N'TỐT')
INSERT INTO TB_THIET_BI VALUES(N'TB036',N'ĐIỀU HÒA',N'P004',N'TỐT')

INSERT INTO TB_THIET_BI VALUES(N'TB489',N'QUẠT',N'P006',N'TỐT')
INSERT INTO TB_THIET_BI VALUES(N'TB037',N'QUẠT',N'P006',N'TỐT')
INSERT INTO TB_THIET_BI VALUES(N'TB038',N'GIƯỜNG',N'P006',N'TỐT')
INSERT INTO TB_THIET_BI VALUES(N'TB039',N'GIƯỜNG',N'P006',N'TỐT')
INSERT INTO TB_THIET_BI VALUES(N'TB040',N'GIƯỜNG',N'P006',N'TỐT')
INSERT INTO TB_THIET_BI VALUES(N'TB041',N'ĐÈN',N'P006',N'TỐT')
INSERT INTO TB_THIET_BI VALUES(N'TB042',N'ĐÈN',N'P006',N'TỐT')

INSERT INTO TB_THIET_BI VALUES(N'TB045',N'QUẠT',N'P007',N'TỐT')
INSERT INTO TB_THIET_BI VALUES(N'TB046',N'QUẠT',N'P007',N'TỐT')
INSERT INTO TB_THIET_BI VALUES(N'TB047',N'GIƯỜNG',N'P007',N'TỐT')
INSERT INTO TB_THIET_BI VALUES(N'TB048',N'GIƯỜNG',N'P007',N'TỐT')
INSERT INTO TB_THIET_BI VALUES(N'TB049',N'GIƯỜNG',N'P007',N'TỐT')
INSERT INTO TB_THIET_BI VALUES(N'TB050',N'GIƯỜNG',N'P007',N'TỐT')
INSERT INTO TB_THIET_BI VALUES(N'TB051',N'ĐÈN',N'P007',N'TỐT')
INSERT INTO TB_THIET_BI VALUES(N'TB052',N'ĐÈN',N'P007',N'TỐT')

INSERT INTO TB_THIET_BI VALUES(N'TB053',N'QUẠT',N'P008',N'TỐT')
INSERT INTO TB_THIET_BI VALUES(N'TB054',N'QUẠT',N'P008',N'TỐT')
INSERT INTO TB_THIET_BI VALUES(N'TB055',N'GIƯỜNG',N'P008',N'TỐT')
INSERT INTO TB_THIET_BI VALUES(N'TB056',N'GIƯỜNG',N'P008',N'TỐT')
INSERT INTO TB_THIET_BI VALUES(N'TB057',N'GIƯỜNG',N'P008',N'TỐT')
INSERT INTO TB_THIET_BI VALUES(N'TB058',N'GIƯỜNG',N'P008',N'TỐT')
INSERT INTO TB_THIET_BI VALUES(N'TB059',N'GIƯỜNG',N'P008',N'TỐT')
INSERT INTO TB_THIET_BI VALUES(N'TB060',N'ĐÈN',N'P008',N'TỐT')
INSERT INTO TB_THIET_BI VALUES(N'TB061',N'ĐÈN',N'P008',N'TỐT')

INSERT INTO TB_THIET_BI VALUES(N'TB062',N'QUẠT',N'P009',N'TỐT')
INSERT INTO TB_THIET_BI VALUES(N'TB063',N'QUẠT',N'P009',N'TỐT')
INSERT INTO TB_THIET_BI VALUES(N'TB064',N'GIƯỜNG',N'P009',N'TỐT')
INSERT INTO TB_THIET_BI VALUES(N'TB065',N'GIƯỜNG',N'P009',N'TỐT')
INSERT INTO TB_THIET_BI VALUES(N'TB066',N'GIƯỜNG',N'P009',N'TỐT')
INSERT INTO TB_THIET_BI VALUES(N'TB067',N'ĐÈN',N'P009',N'TỐT')
INSERT INTO TB_THIET_BI VALUES(N'TB068',N'ĐÈN',N'P009',N'TỐT')

INSERT INTO TB_THIET_BI VALUES(N'TB069',N'QUẠT',N'P010',N'TỐT')
INSERT INTO TB_THIET_BI VALUES(N'TB070',N'QUẠT',N'P010',N'TỐT')
INSERT INTO TB_THIET_BI VALUES(N'TB071',N'GIƯỜNG',N'P010',N'TỐT')
INSERT INTO TB_THIET_BI VALUES(N'TB072',N'GIƯỜNG',N'P010',N'TỐT')
INSERT INTO TB_THIET_BI VALUES(N'TB073',N'GIƯỜNG',N'P010',N'TỐT')
INSERT INTO TB_THIET_BI VALUES(N'TB074',N'ĐÈN',N'P010',N'TỐT')
INSERT INTO TB_THIET_BI VALUES(N'TB075',N'ĐÈN',N'P010',N'TỐT')

INSERT INTO TB_THIET_BI VALUES(N'TB076',N'QUẠT',N'P011',N'TỐT')
INSERT INTO TB_THIET_BI VALUES(N'TB077',N'QUẠT',N'P011',N'TỐT')
INSERT INTO TB_THIET_BI VALUES(N'TB078',N'GIƯỜNG',N'P011',N'TỐT')
INSERT INTO TB_THIET_BI VALUES(N'TB079',N'GIƯỜNG',N'P011',N'TỐT')
INSERT INTO TB_THIET_BI VALUES(N'TB080',N'GIƯỜNG',N'P011',N'TỐT')
INSERT INTO TB_THIET_BI VALUES(N'TB081',N'ĐÈN',N'P011',N'TỐT')
INSERT INTO TB_THIET_BI VALUES(N'TB082',N'ĐÈN',N'P011',N'TỐT')

INSERT INTO TB_THIET_BI VALUES(N'TB083',N'QUẠT',N'P012',N'TỐT')
INSERT INTO TB_THIET_BI VALUES(N'TB084',N'QUẠT',N'P012',N'TỐT')
INSERT INTO TB_THIET_BI VALUES(N'TB085',N'GIƯỜNG',N'P012',N'TỐT')
INSERT INTO TB_THIET_BI VALUES(N'TB086',N'GIƯỜNG',N'P012',N'TỐT')
INSERT INTO TB_THIET_BI VALUES(N'TB087',N'GIƯỜNG',N'P012',N'TỐT')
INSERT INTO TB_THIET_BI VALUES(N'TB088',N'GIƯỜNG',N'P012',N'TỐT')
INSERT INTO TB_THIET_BI VALUES(N'TB089',N'ĐÈN',N'P012',N'TỐT')
INSERT INTO TB_THIET_BI VALUES(N'TB090',N'ĐÈN',N'P012',N'TỐT')

INSERT INTO TB_THIET_BI VALUES(N'TB091',N'QUẠT',N'P013',N'TỐT')
INSERT INTO TB_THIET_BI VALUES(N'TB092',N'QUẠT',N'P013',N'TỐT')
INSERT INTO TB_THIET_BI VALUES(N'TB093',N'GIƯỜNG',N'P013',N'TỐT')
INSERT INTO TB_THIET_BI VALUES(N'TB094',N'GIƯỜNG',N'P013',N'TỐT')
INSERT INTO TB_THIET_BI VALUES(N'TB095',N'GIƯỜNG',N'P013',N'TỐT')
INSERT INTO TB_THIET_BI VALUES(N'TB096',N'GIƯỜNG',N'P013',N'TỐT')
INSERT INTO TB_THIET_BI VALUES(N'TB097',N'GIƯỜNG',N'P013',N'TỐT')
INSERT INTO TB_THIET_BI VALUES(N'TB098',N'ĐÈN',N'P013',N'TỐT')
INSERT INTO TB_THIET_BI VALUES(N'TB099',N'ĐÈN',N'P013',N'TỐT')

INSERT INTO TB_THIET_BI VALUES(N'TB100',N'QUẠT',N'P014',N'TỐT')
INSERT INTO TB_THIET_BI VALUES(N'TB101',N'QUẠT',N'P014',N'TỐT')
INSERT INTO TB_THIET_BI VALUES(N'TB102',N'GIƯỜNG',N'P014',N'TỐT')
INSERT INTO TB_THIET_BI VALUES(N'TB103',N'GIƯỜNG',N'P014',N'TỐT')
INSERT INTO TB_THIET_BI VALUES(N'TB104',N'GIƯỜNG',N'P014',N'TỐT')
INSERT INTO TB_THIET_BI VALUES(N'TB105',N'ĐÈN',N'P014',N'TỐT')
INSERT INTO TB_THIET_BI VALUES(N'TB106',N'ĐÈN',N'P014',N'TỐT')

INSERT INTO TB_THIET_BI VALUES(N'TB107',N'QUẠT',N'P015',N'TỐT')
INSERT INTO TB_THIET_BI VALUES(N'TB108',N'QUẠT',N'P015',N'TỐT')
INSERT INTO TB_THIET_BI VALUES(N'TB109',N'GIƯỜNG',N'P015',N'TỐT')
INSERT INTO TB_THIET_BI VALUES(N'TB110',N'GIƯỜNG',N'P015',N'TỐT')
INSERT INTO TB_THIET_BI VALUES(N'TB111',N'GIƯỜNG',N'P015',N'TỐT')
INSERT INTO TB_THIET_BI VALUES(N'TB112',N'ĐÈN',N'P015',N'TỐT')
INSERT INTO TB_THIET_BI VALUES(N'TB113',N'ĐÈN',N'P015',N'TỐT')

INSERT INTO TB_THIET_BI VALUES(N'TB114',N'QUẠT',N'P016',N'TỐT')
INSERT INTO TB_THIET_BI VALUES(N'TB115',N'QUẠT',N'P016',N'TỐT')
INSERT INTO TB_THIET_BI VALUES(N'TB116',N'GIƯỜNG',N'P016',N'TỐT')
INSERT INTO TB_THIET_BI VALUES(N'TB117',N'GIƯỜNG',N'P016',N'TỐT')
INSERT INTO TB_THIET_BI VALUES(N'TB118',N'GIƯỜNG',N'P016',N'TỐT')
INSERT INTO TB_THIET_BI VALUES(N'TB119',N'ĐÈN',N'P016',N'TỐT')
INSERT INTO TB_THIET_BI VALUES(N'TB120',N'ĐÈN',N'P016',N'TỐT')

INSERT INTO TB_THIET_BI VALUES(N'TB121',N'QUẠT',N'P017',N'TỐT')
INSERT INTO TB_THIET_BI VALUES(N'TB122',N'QUẠT',N'P017',N'TỐT')
INSERT INTO TB_THIET_BI VALUES(N'TB123',N'GIƯỜNG',N'P017',N'TỐT')
INSERT INTO TB_THIET_BI VALUES(N'TB124',N'GIƯỜNG',N'P017',N'TỐT')
INSERT INTO TB_THIET_BI VALUES(N'TB125',N'GIƯỜNG',N'P017',N'TỐT')
INSERT INTO TB_THIET_BI VALUES(N'TB126',N'GIƯỜNG',N'P017',N'TỐT')
INSERT INTO TB_THIET_BI VALUES(N'TB127',N'ĐÈN',N'P017',N'TỐT')
INSERT INTO TB_THIET_BI VALUES(N'TB128',N'ĐÈN',N'P017',N'TỐT')

INSERT INTO TB_THIET_BI VALUES(N'TB129',N'QUẠT',N'P018',N'TỐT')
INSERT INTO TB_THIET_BI VALUES(N'TB130',N'QUẠT',N'P018',N'TỐT')
INSERT INTO TB_THIET_BI VALUES(N'TB131',N'GIƯỜNG',N'P018',N'TỐT')
INSERT INTO TB_THIET_BI VALUES(N'TB132',N'GIƯỜNG',N'P018',N'TỐT')
INSERT INTO TB_THIET_BI VALUES(N'TB133',N'GIƯỜNG',N'P018',N'TỐT')
INSERT INTO TB_THIET_BI VALUES(N'TB134',N'GIƯỜNG',N'P018',N'TỐT')
INSERT INTO TB_THIET_BI VALUES(N'TB135',N'GIƯỜNG',N'P018',N'TỐT')
INSERT INTO TB_THIET_BI VALUES(N'TB136',N'ĐÈN',N'P018',N'TỐT')
INSERT INTO TB_THIET_BI VALUES(N'TB137',N'ĐÈN',N'P018',N'TỐT')

INSERT INTO TB_THIET_BI VALUES(N'TB138',N'QUẠT',N'P019',N'TỐT')
INSERT INTO TB_THIET_BI VALUES(N'TB139',N'QUẠT',N'P019',N'TỐT')
INSERT INTO TB_THIET_BI VALUES(N'TB140',N'GIƯỜNG',N'P019',N'TỐT')
INSERT INTO TB_THIET_BI VALUES(N'TB141',N'GIƯỜNG',N'P019',N'TỐT')
INSERT INTO TB_THIET_BI VALUES(N'TB142',N'GIƯỜNG',N'P019',N'TỐT')
INSERT INTO TB_THIET_BI VALUES(N'TB143',N'ĐÈN',N'P019',N'TỐT')
INSERT INTO TB_THIET_BI VALUES(N'TB144',N'ĐÈN',N'P019',N'TỐT')

INSERT INTO TB_THIET_BI VALUES(N'TB145',N'QUẠT',N'P020',N'TỐT')
INSERT INTO TB_THIET_BI VALUES(N'TB146',N'QUẠT',N'P020',N'TỐT')
INSERT INTO TB_THIET_BI VALUES(N'TB147',N'GIƯỜNG',N'P020',N'TỐT')
INSERT INTO TB_THIET_BI VALUES(N'TB148',N'GIƯỜNG',N'P020',N'TỐT')
INSERT INTO TB_THIET_BI VALUES(N'TB149',N'GIƯỜNG',N'P020',N'TỐT')
INSERT INTO TB_THIET_BI VALUES(N'TB150',N'ĐÈN',N'P020',N'TỐT')
INSERT INTO TB_THIET_BI VALUES(N'TB160',N'ĐÈN',N'P020',N'TỐT')

INSERT INTO TB_THIET_BI VALUES(N'TB161',N'QUẠT',N'P005',N'TỐT')
INSERT INTO TB_THIET_BI VALUES(N'TB162',N'QUẠT',N'P005',N'TỐT')
INSERT INTO TB_THIET_BI VALUES(N'TB163',N'GIƯỜNG',N'P005',N'TỐT')
INSERT INTO TB_THIET_BI VALUES(N'TB164',N'GIƯỜNG',N'P005',N'TỐT')
INSERT INTO TB_THIET_BI VALUES(N'TB165',N'GIƯỜNG',N'P005',N'TỐT')
INSERT INTO TB_THIET_BI VALUES(N'TB166',N'ĐÈN',N'P005',N'TỐT')
INSERT INTO TB_THIET_BI VALUES(N'TB167',N'ĐÈN',N'P005',N'TỐT')
INSERT INTO TB_THIET_BI VALUES(N'TB168',N'NÓNG LẠNH',N'P005',N'TỐT')
INSERT INTO TB_THIET_BI VALUES(N'TB169',N'ĐIỀU HÒA',N'P005',N'TỐT')

INSERT INTO TB_THIET_BI VALUES(N'TB170',N'QUẠT',N'P021',N'TỐT')
INSERT INTO TB_THIET_BI VALUES(N'TB171',N'QUẠT',N'P021',N'TỐT')
INSERT INTO TB_THIET_BI VALUES(N'TB172',N'GIƯỜNG',N'P021',N'TỐT')
INSERT INTO TB_THIET_BI VALUES(N'TB173',N'GIƯỜNG',N'P021',N'TỐT')
INSERT INTO TB_THIET_BI VALUES(N'TB174',N'GIƯỜNG',N'P021',N'TỐT')
INSERT INTO TB_THIET_BI VALUES(N'TB175',N'ĐÈN',N'P021',N'TỐT')
INSERT INTO TB_THIET_BI VALUES(N'TB176',N'ĐÈN',N'P021',N'TỐT')
INSERT INTO TB_THIET_BI VALUES(N'TB177',N'NÓNG LẠNH',N'P021',N'TỐT')
INSERT INTO TB_THIET_BI VALUES(N'TB178',N'ĐIỀU HÒA',N'P021',N'TỐT')

INSERT INTO TB_THIET_BI VALUES(N'TB179',N'QUẠT',N'P022',N'TỐT')
INSERT INTO TB_THIET_BI VALUES(N'TB180',N'QUẠT',N'P022',N'TỐT')
INSERT INTO TB_THIET_BI VALUES(N'TB181',N'GIƯỜNG',N'P022',N'TỐT')
INSERT INTO TB_THIET_BI VALUES(N'TB182',N'GIƯỜNG',N'P022',N'TỐT')
INSERT INTO TB_THIET_BI VALUES(N'TB183',N'GIƯỜNG',N'P022',N'TỐT')
INSERT INTO TB_THIET_BI VALUES(N'TB184',N'ĐÈN',N'P022',N'TỐT')
INSERT INTO TB_THIET_BI VALUES(N'TB185',N'ĐÈN',N'P022',N'TỐT')
INSERT INTO TB_THIET_BI VALUES(N'TB186',N'NÓNG LẠNH',N'P022',N'TỐT')
INSERT INTO TB_THIET_BI VALUES(N'TB187',N'ĐIỀU HÒA',N'P022',N'TỐT')

INSERT INTO TB_THIET_BI VALUES(N'TB188',N'QUẠT',N'P023',N'TỐT')
INSERT INTO TB_THIET_BI VALUES(N'TB189',N'QUẠT',N'P023',N'TỐT')
INSERT INTO TB_THIET_BI VALUES(N'TB190',N'GIƯỜNG',N'P023',N'TỐT')
INSERT INTO TB_THIET_BI VALUES(N'TB191',N'GIƯỜNG',N'P023',N'TỐT')
INSERT INTO TB_THIET_BI VALUES(N'TB192',N'GIƯỜNG',N'P023',N'TỐT')
INSERT INTO TB_THIET_BI VALUES(N'TB193',N'ĐÈN',N'P023',N'TỐT')
INSERT INTO TB_THIET_BI VALUES(N'TB194',N'ĐÈN',N'P023',N'TỐT')
INSERT INTO TB_THIET_BI VALUES(N'TB195',N'NÓNG LẠNH',N'P023',N'TỐT')
INSERT INTO TB_THIET_BI VALUES(N'TB196',N'ĐIỀU HÒA',N'P023',N'TỐT')

INSERT INTO TB_THIET_BI VALUES(N'TB197',N'QUẠT',N'P024',N'TỐT')
INSERT INTO TB_THIET_BI VALUES(N'TB198',N'QUẠT',N'P024',N'TỐT')
INSERT INTO TB_THIET_BI VALUES(N'TB199',N'GIƯỜNG',N'P024',N'TỐT')
INSERT INTO TB_THIET_BI VALUES(N'TB200',N'GIƯỜNG',N'P024',N'TỐT')
INSERT INTO TB_THIET_BI VALUES(N'TB201',N'GIƯỜNG',N'P024',N'TỐT')
INSERT INTO TB_THIET_BI VALUES(N'TB202',N'ĐÈN',N'P024',N'TỐT')
INSERT INTO TB_THIET_BI VALUES(N'TB203',N'ĐÈN',N'P024',N'TỐT')
INSERT INTO TB_THIET_BI VALUES(N'TB204',N'NÓNG LẠNH',N'P024',N'TỐT')
INSERT INTO TB_THIET_BI VALUES(N'TB205',N'ĐIỀU HÒA',N'P024',N'TỐT')

INSERT INTO TB_THIET_BI VALUES(N'TB206',N'QUẠT',N'P026',N'TỐT')
INSERT INTO TB_THIET_BI VALUES(N'TB207',N'QUẠT',N'P026',N'TỐT')
INSERT INTO TB_THIET_BI VALUES(N'TB208',N'GIƯỜNG',N'P026',N'TỐT')
INSERT INTO TB_THIET_BI VALUES(N'TB209',N'GIƯỜNG',N'P026',N'TỐT')
INSERT INTO TB_THIET_BI VALUES(N'TB210',N'GIƯỜNG',N'P026',N'TỐT')
INSERT INTO TB_THIET_BI VALUES(N'TB211',N'ĐÈN',N'P026',N'TỐT')
INSERT INTO TB_THIET_BI VALUES(N'TB212',N'ĐÈN',N'P026',N'TỐT')

INSERT INTO TB_THIET_BI VALUES(N'TB213',N'QUẠT',N'P027',N'TỐT')
INSERT INTO TB_THIET_BI VALUES(N'TB214',N'QUẠT',N'P027',N'TỐT')
INSERT INTO TB_THIET_BI VALUES(N'TB215',N'GIƯỜNG',N'P027',N'TỐT')
INSERT INTO TB_THIET_BI VALUES(N'TB216',N'GIƯỜNG',N'P027',N'TỐT')
INSERT INTO TB_THIET_BI VALUES(N'TB217',N'GIƯỜNG',N'P027',N'TỐT')
INSERT INTO TB_THIET_BI VALUES(N'TB218',N'GIƯỜNG',N'P027',N'TỐT')
INSERT INTO TB_THIET_BI VALUES(N'TB219',N'ĐÈN',N'P027',N'TỐT')
INSERT INTO TB_THIET_BI VALUES(N'TB220',N'ĐÈN',N'P027',N'TỐT')

INSERT INTO TB_THIET_BI VALUES(N'TB221',N'QUẠT',N'P028',N'TỐT')
INSERT INTO TB_THIET_BI VALUES(N'TB222',N'QUẠT',N'P028',N'TỐT')
INSERT INTO TB_THIET_BI VALUES(N'TB223',N'GIƯỜNG',N'P028',N'TỐT')
INSERT INTO TB_THIET_BI VALUES(N'TB224',N'GIƯỜNG',N'P028',N'TỐT')
INSERT INTO TB_THIET_BI VALUES(N'TB225',N'GIƯỜNG',N'P028',N'TỐT')
INSERT INTO TB_THIET_BI VALUES(N'TB226',N'GIƯỜNG',N'P028',N'TỐT')
INSERT INTO TB_THIET_BI VALUES(N'TB227',N'GIƯỜNG',N'P028',N'TỐT')
INSERT INTO TB_THIET_BI VALUES(N'TB228',N'ĐÈN',N'P028',N'TỐT')
INSERT INTO TB_THIET_BI VALUES(N'TB229',N'ĐÈN',N'P028',N'TỐT')

INSERT INTO TB_THIET_BI VALUES(N'TB230',N'QUẠT',N'P029',N'TỐT')
INSERT INTO TB_THIET_BI VALUES(N'TB231',N'QUẠT',N'P029',N'TỐT')
INSERT INTO TB_THIET_BI VALUES(N'TB232',N'GIƯỜNG',N'P029',N'TỐT')
INSERT INTO TB_THIET_BI VALUES(N'TB233',N'GIƯỜNG',N'P029',N'TỐT')
INSERT INTO TB_THIET_BI VALUES(N'TB234',N'GIƯỜNG',N'P029',N'TỐT')
INSERT INTO TB_THIET_BI VALUES(N'TB235',N'ĐÈN',N'P029',N'TỐT')
INSERT INTO TB_THIET_BI VALUES(N'TB236',N'ĐÈN',N'P029',N'TỐT')

INSERT INTO TB_THIET_BI VALUES(N'TB237',N'QUẠT',N'P030',N'TỐT')
INSERT INTO TB_THIET_BI VALUES(N'TB238',N'QUẠT',N'P030',N'TỐT')
INSERT INTO TB_THIET_BI VALUES(N'TB239',N'GIƯỜNG',N'P030',N'TỐT')
INSERT INTO TB_THIET_BI VALUES(N'TB240',N'GIƯỜNG',N'P030',N'TỐT')
INSERT INTO TB_THIET_BI VALUES(N'TB241',N'GIƯỜNG',N'P030',N'TỐT')
INSERT INTO TB_THIET_BI VALUES(N'TB242',N'ĐÈN',N'P030',N'TỐT')
INSERT INTO TB_THIET_BI VALUES(N'TB243',N'ĐÈN',N'P030',N'TỐT')

INSERT INTO TB_THIET_BI VALUES(N'TB244',N'QUẠT',N'P031',N'TỐT')
INSERT INTO TB_THIET_BI VALUES(N'TB245',N'QUẠT',N'P031',N'TỐT')
INSERT INTO TB_THIET_BI VALUES(N'TB246',N'GIƯỜNG',N'P031',N'TỐT')
INSERT INTO TB_THIET_BI VALUES(N'TB247',N'GIƯỜNG',N'P031',N'TỐT')
INSERT INTO TB_THIET_BI VALUES(N'TB248',N'GIƯỜNG',N'P031',N'TỐT')
INSERT INTO TB_THIET_BI VALUES(N'TB249',N'ĐÈN',N'P031',N'TỐT')
INSERT INTO TB_THIET_BI VALUES(N'TB250',N'ĐÈN',N'P031',N'TỐT')

INSERT INTO TB_THIET_BI VALUES(N'TB251',N'QUẠT',N'P032',N'TỐT')
INSERT INTO TB_THIET_BI VALUES(N'TB252',N'QUẠT',N'P032',N'TỐT')
INSERT INTO TB_THIET_BI VALUES(N'TB253',N'GIƯỜNG',N'P032',N'TỐT')
INSERT INTO TB_THIET_BI VALUES(N'TB254',N'GIƯỜNG',N'P032',N'TỐT')
INSERT INTO TB_THIET_BI VALUES(N'TB255',N'GIƯỜNG',N'P032',N'TỐT')
INSERT INTO TB_THIET_BI VALUES(N'TB256',N'GIƯỜNG',N'P032',N'TỐT')
INSERT INTO TB_THIET_BI VALUES(N'TB257',N'ĐÈN',N'P032',N'TỐT')
INSERT INTO TB_THIET_BI VALUES(N'TB258',N'ĐÈN',N'P032',N'TỐT')

INSERT INTO TB_THIET_BI VALUES(N'TB259',N'QUẠT',N'P033',N'TỐT')
INSERT INTO TB_THIET_BI VALUES(N'TB260',N'QUẠT',N'P033',N'TỐT')
INSERT INTO TB_THIET_BI VALUES(N'TB261',N'GIƯỜNG',N'P033',N'TỐT')
INSERT INTO TB_THIET_BI VALUES(N'TB262',N'GIƯỜNG',N'P033',N'TỐT')
INSERT INTO TB_THIET_BI VALUES(N'TB263',N'GIƯỜNG',N'P033',N'TỐT')
INSERT INTO TB_THIET_BI VALUES(N'TB264',N'GIƯỜNG',N'P033',N'TỐT')
INSERT INTO TB_THIET_BI VALUES(N'TB265',N'GIƯỜNG',N'P033',N'TỐT')
INSERT INTO TB_THIET_BI VALUES(N'TB266',N'ĐÈN',N'P033',N'TỐT')
INSERT INTO TB_THIET_BI VALUES(N'TB267',N'ĐÈN',N'P033',N'TỐT')

INSERT INTO TB_THIET_BI VALUES(N'TB268',N'QUẠT',N'P034',N'TỐT')
INSERT INTO TB_THIET_BI VALUES(N'TB269',N'QUẠT',N'P034',N'TỐT')
INSERT INTO TB_THIET_BI VALUES(N'TB270',N'GIƯỜNG',N'P034',N'TỐT')
INSERT INTO TB_THIET_BI VALUES(N'TB271',N'GIƯỜNG',N'P034',N'TỐT')
INSERT INTO TB_THIET_BI VALUES(N'TB272',N'GIƯỜNG',N'P034',N'TỐT')
INSERT INTO TB_THIET_BI VALUES(N'TB273',N'ĐÈN',N'P034',N'TỐT')
INSERT INTO TB_THIET_BI VALUES(N'TB274',N'ĐÈN',N'P034',N'TỐT')

INSERT INTO TB_THIET_BI VALUES(N'TB275',N'QUẠT',N'P035',N'TỐT')
INSERT INTO TB_THIET_BI VALUES(N'TB276',N'QUẠT',N'P035',N'TỐT')
INSERT INTO TB_THIET_BI VALUES(N'TB277',N'GIƯỜNG',N'P035',N'TỐT')
INSERT INTO TB_THIET_BI VALUES(N'TB278',N'GIƯỜNG',N'P035',N'TỐT')
INSERT INTO TB_THIET_BI VALUES(N'TB279',N'GIƯỜNG',N'P035',N'TỐT')
INSERT INTO TB_THIET_BI VALUES(N'TB280',N'ĐÈN',N'P035',N'TỐT')
INSERT INTO TB_THIET_BI VALUES(N'TB281',N'ĐÈN',N'P035',N'TỐT')

INSERT INTO TB_THIET_BI VALUES(N'TB282',N'QUẠT',N'P036',N'TỐT')
INSERT INTO TB_THIET_BI VALUES(N'TB283',N'QUẠT',N'P036',N'TỐT')
INSERT INTO TB_THIET_BI VALUES(N'TB284',N'GIƯỜNG',N'P036',N'TỐT')
INSERT INTO TB_THIET_BI VALUES(N'TB285',N'GIƯỜNG',N'P036',N'TỐT')
INSERT INTO TB_THIET_BI VALUES(N'TB286',N'GIƯỜNG',N'P036',N'TỐT')
INSERT INTO TB_THIET_BI VALUES(N'TB287',N'ĐÈN',N'P036',N'TỐT')
INSERT INTO TB_THIET_BI VALUES(N'TB288',N'ĐÈN',N'P036',N'TỐT')

INSERT INTO TB_THIET_BI VALUES(N'TB289',N'QUẠT',N'P037',N'TỐT')
INSERT INTO TB_THIET_BI VALUES(N'TB290',N'QUẠT',N'P037',N'TỐT')
INSERT INTO TB_THIET_BI VALUES(N'TB291',N'GIƯỜNG',N'P037',N'TỐT')
INSERT INTO TB_THIET_BI VALUES(N'TB292',N'GIƯỜNG',N'P037',N'TỐT')
INSERT INTO TB_THIET_BI VALUES(N'TB293',N'GIƯỜNG',N'P037',N'TỐT')
INSERT INTO TB_THIET_BI VALUES(N'TB294',N'GIƯỜNG',N'P037',N'TỐT')
INSERT INTO TB_THIET_BI VALUES(N'TB295',N'ĐÈN',N'P037',N'TỐT')
INSERT INTO TB_THIET_BI VALUES(N'TB296',N'ĐÈN',N'P037',N'TỐT')

INSERT INTO TB_THIET_BI VALUES(N'TB297',N'QUẠT',N'P038',N'TỐT')
INSERT INTO TB_THIET_BI VALUES(N'TB298',N'QUẠT',N'P038',N'TỐT')
INSERT INTO TB_THIET_BI VALUES(N'TB299',N'GIƯỜNG',N'P038',N'TỐT')
INSERT INTO TB_THIET_BI VALUES(N'TB300',N'GIƯỜNG',N'P038',N'TỐT')
INSERT INTO TB_THIET_BI VALUES(N'TB301',N'GIƯỜNG',N'P038',N'TỐT')
INSERT INTO TB_THIET_BI VALUES(N'TB302',N'GIƯỜNG',N'P038',N'TỐT')
INSERT INTO TB_THIET_BI VALUES(N'TB303',N'GIƯỜNG',N'P038',N'TỐT')
INSERT INTO TB_THIET_BI VALUES(N'TB304',N'ĐÈN',N'P038',N'TỐT')
INSERT INTO TB_THIET_BI VALUES(N'TB305',N'ĐÈN',N'P038',N'TỐT')

INSERT INTO TB_THIET_BI VALUES(N'TB306',N'QUẠT',N'P039',N'TỐT')
INSERT INTO TB_THIET_BI VALUES(N'TB307',N'QUẠT',N'P039',N'TỐT')
INSERT INTO TB_THIET_BI VALUES(N'TB308',N'GIƯỜNG',N'P039',N'TỐT')
INSERT INTO TB_THIET_BI VALUES(N'TB309',N'GIƯỜNG',N'P039',N'TỐT')
INSERT INTO TB_THIET_BI VALUES(N'TB310',N'GIƯỜNG',N'P039',N'TỐT')
INSERT INTO TB_THIET_BI VALUES(N'TB311',N'ĐÈN',N'P039',N'TỐT')
INSERT INTO TB_THIET_BI VALUES(N'TB312',N'ĐÈN',N'P039',N'TỐT')

INSERT INTO TB_THIET_BI VALUES(N'TB313',N'QUẠT',N'P040',N'TỐT')
INSERT INTO TB_THIET_BI VALUES(N'TB314',N'QUẠT',N'P040',N'TỐT')
INSERT INTO TB_THIET_BI VALUES(N'TB315',N'GIƯỜNG',N'P040',N'TỐT')
INSERT INTO TB_THIET_BI VALUES(N'TB316',N'GIƯỜNG',N'040',N'TỐT')
INSERT INTO TB_THIET_BI VALUES(N'TB317',N'GIƯỜNG',N'P040',N'TỐT')
INSERT INTO TB_THIET_BI VALUES(N'TB318',N'ĐÈN',N'P040',N'TỐT')
INSERT INTO TB_THIET_BI VALUES(N'TB319',N'ĐÈN',N'P040',N'TỐT')

INSERT INTO TB_THIET_BI VALUES(N'TB320',N'QUẠT',N'P025',N'TỐT')
INSERT INTO TB_THIET_BI VALUES(N'TB321',N'QUẠT',N'P025',N'TỐT')
INSERT INTO TB_THIET_BI VALUES(N'TB322',N'GIƯỜNG',N'P025',N'TỐT')
INSERT INTO TB_THIET_BI VALUES(N'TB323',N'GIƯỜNG',N'P025',N'TỐT')
INSERT INTO TB_THIET_BI VALUES(N'TB324',N'GIƯỜNG',N'P025',N'TỐT')
INSERT INTO TB_THIET_BI VALUES(N'TB325',N'ĐÈN',N'P025',N'TỐT')
INSERT INTO TB_THIET_BI VALUES(N'TB326',N'ĐÈN',N'P025',N'TỐT')
INSERT INTO TB_THIET_BI VALUES(N'TB327',N'NÓNG LẠNH',N'P025',N'TỐT')
INSERT INTO TB_THIET_BI VALUES(N'TB328',N'ĐIỀU HÒA',N'P025',N'TỐT')

INSERT INTO TB_THIET_BI VALUES(N'TB329',N'QUẠT',N'P041',N'TỐT')
INSERT INTO TB_THIET_BI VALUES(N'TB330',N'QUẠT',N'P041',N'TỐT')
INSERT INTO TB_THIET_BI VALUES(N'TB331',N'GIƯỜNG',N'P041',N'TỐT')
INSERT INTO TB_THIET_BI VALUES(N'TB332',N'GIƯỜNG',N'P041',N'TỐT')
INSERT INTO TB_THIET_BI VALUES(N'TB333',N'GIƯỜNG',N'P041',N'TỐT')
INSERT INTO TB_THIET_BI VALUES(N'TB334',N'ĐÈN',N'P041',N'TỐT')
INSERT INTO TB_THIET_BI VALUES(N'TB335',N'ĐÈN',N'P041',N'TỐT')
INSERT INTO TB_THIET_BI VALUES(N'TB336',N'NÓNG LẠNH',N'P041',N'TỐT')
INSERT INTO TB_THIET_BI VALUES(N'TB337',N'ĐIỀU HÒA',N'P041',N'TỐT')

INSERT INTO TB_THIET_BI VALUES(N'TB338',N'QUẠT',N'P042',N'TỐT')
INSERT INTO TB_THIET_BI VALUES(N'TB339',N'QUẠT',N'P042',N'TỐT')
INSERT INTO TB_THIET_BI VALUES(N'TB340',N'GIƯỜNG',N'P042',N'TỐT')
INSERT INTO TB_THIET_BI VALUES(N'TB341',N'GIƯỜNG',N'P042',N'TỐT')
INSERT INTO TB_THIET_BI VALUES(N'TB342',N'GIƯỜNG',N'P042',N'TỐT')
INSERT INTO TB_THIET_BI VALUES(N'TB343',N'ĐÈN',N'P042',N'TỐT')
INSERT INTO TB_THIET_BI VALUES(N'TB344',N'ĐÈN',N'P042',N'TỐT')
INSERT INTO TB_THIET_BI VALUES(N'TB345',N'NÓNG LẠNH',N'P042',N'TỐT')
INSERT INTO TB_THIET_BI VALUES(N'TB346',N'ĐIỀU HÒA',N'P042',N'TỐT')

INSERT INTO TB_THIET_BI VALUES(N'TB347',N'QUẠT',N'P043',N'TỐT')
INSERT INTO TB_THIET_BI VALUES(N'TB348',N'QUẠT',N'P043',N'TỐT')
INSERT INTO TB_THIET_BI VALUES(N'TB349',N'GIƯỜNG',N'P043',N'TỐT')
INSERT INTO TB_THIET_BI VALUES(N'TB350',N'GIƯỜNG',N'P043',N'TỐT')
INSERT INTO TB_THIET_BI VALUES(N'TB351',N'GIƯỜNG',N'P043',N'TỐT')
INSERT INTO TB_THIET_BI VALUES(N'TB352',N'ĐÈN',N'P043',N'TỐT')
INSERT INTO TB_THIET_BI VALUES(N'TB353',N'ĐÈN',N'P043',N'TỐT')
INSERT INTO TB_THIET_BI VALUES(N'TB354',N'NÓNG LẠNH',N'P043',N'TỐT')
INSERT INTO TB_THIET_BI VALUES(N'TB355',N'ĐIỀU HÒA',N'P043',N'TỐT')

INSERT INTO TB_THIET_BI VALUES(N'TB356',N'QUẠT',N'P044',N'TỐT')
INSERT INTO TB_THIET_BI VALUES(N'TB357',N'QUẠT',N'P044',N'TỐT')
INSERT INTO TB_THIET_BI VALUES(N'TB358',N'GIƯỜNG',N'P044',N'TỐT')
INSERT INTO TB_THIET_BI VALUES(N'TB359',N'GIƯỜNG',N'P044',N'TỐT')
INSERT INTO TB_THIET_BI VALUES(N'TB360',N'GIƯỜNG',N'P044',N'TỐT')
INSERT INTO TB_THIET_BI VALUES(N'TB361',N'ĐÈN',N'P044',N'TỐT')
INSERT INTO TB_THIET_BI VALUES(N'TB362',N'ĐÈN',N'P044',N'TỐT')
INSERT INTO TB_THIET_BI VALUES(N'TB363',N'NÓNG LẠNH',N'P044',N'TỐT')
INSERT INTO TB_THIET_BI VALUES(N'TB364',N'ĐIỀU HÒA',N'P044',N'TỐT')

INSERT INTO TB_THIET_BI VALUES(N'TB365',N'QUẠT',N'P046',N'TỐT')
INSERT INTO TB_THIET_BI VALUES(N'TB366',N'QUẠT',N'P046',N'TỐT')
INSERT INTO TB_THIET_BI VALUES(N'TB367',N'GIƯỜNG',N'P046',N'TỐT')
INSERT INTO TB_THIET_BI VALUES(N'TB368',N'GIƯỜNG',N'P046',N'TỐT')
INSERT INTO TB_THIET_BI VALUES(N'TB369',N'GIƯỜNG',N'P046',N'TỐT')
INSERT INTO TB_THIET_BI VALUES(N'TB370',N'ĐÈN',N'P046',N'TỐT')
INSERT INTO TB_THIET_BI VALUES(N'TB371',N'ĐÈN',N'P046',N'TỐT')

INSERT INTO TB_THIET_BI VALUES(N'TB372',N'QUẠT',N'P047',N'TỐT')
INSERT INTO TB_THIET_BI VALUES(N'TB373',N'QUẠT',N'P047',N'TỐT')
INSERT INTO TB_THIET_BI VALUES(N'TB374',N'GIƯỜNG',N'P047',N'TỐT')
INSERT INTO TB_THIET_BI VALUES(N'TB375',N'GIƯỜNG',N'P047',N'TỐT')
INSERT INTO TB_THIET_BI VALUES(N'TB376',N'GIƯỜNG',N'P047',N'TỐT')
INSERT INTO TB_THIET_BI VALUES(N'TB377',N'GIƯỜNG',N'P047',N'TỐT')
INSERT INTO TB_THIET_BI VALUES(N'TB378',N'ĐÈN',N'P047',N'TỐT')
INSERT INTO TB_THIET_BI VALUES(N'TB379',N'ĐÈN',N'P047',N'TỐT')

INSERT INTO TB_THIET_BI VALUES(N'TB380',N'QUẠT',N'P048',N'TỐT')
INSERT INTO TB_THIET_BI VALUES(N'TB381',N'QUẠT',N'P048',N'TỐT')
INSERT INTO TB_THIET_BI VALUES(N'TB382',N'GIƯỜNG',N'P048',N'TỐT')
INSERT INTO TB_THIET_BI VALUES(N'TB383',N'GIƯỜNG',N'P048',N'TỐT')
INSERT INTO TB_THIET_BI VALUES(N'TB384',N'GIƯỜNG',N'P048',N'TỐT')
INSERT INTO TB_THIET_BI VALUES(N'TB385',N'GIƯỜNG',N'P048',N'TỐT')
INSERT INTO TB_THIET_BI VALUES(N'TB386',N'GIƯỜNG',N'P048',N'TỐT')
INSERT INTO TB_THIET_BI VALUES(N'TB387',N'ĐÈN',N'P048',N'TỐT')
INSERT INTO TB_THIET_BI VALUES(N'TB388',N'ĐÈN',N'P048',N'TỐT')

INSERT INTO TB_THIET_BI VALUES(N'TB389',N'QUẠT',N'P049',N'TỐT')
INSERT INTO TB_THIET_BI VALUES(N'TB390',N'QUẠT',N'P049',N'TỐT')
INSERT INTO TB_THIET_BI VALUES(N'TB391',N'GIƯỜNG',N'P049',N'TỐT')
INSERT INTO TB_THIET_BI VALUES(N'TB392',N'GIƯỜNG',N'P049',N'TỐT')
INSERT INTO TB_THIET_BI VALUES(N'TB393',N'GIƯỜNG',N'P049',N'TỐT')
INSERT INTO TB_THIET_BI VALUES(N'TB394',N'ĐÈN',N'P049',N'TỐT')
INSERT INTO TB_THIET_BI VALUES(N'TB395',N'ĐÈN',N'P049',N'TỐT')

INSERT INTO TB_THIET_BI VALUES(N'TB396',N'QUẠT',N'P050',N'TỐT')
INSERT INTO TB_THIET_BI VALUES(N'TB397',N'QUẠT',N'P050',N'TỐT')
INSERT INTO TB_THIET_BI VALUES(N'TB398',N'GIƯỜNG',N'P050',N'TỐT')
INSERT INTO TB_THIET_BI VALUES(N'TB399',N'GIƯỜNG',N'P050',N'TỐT')
INSERT INTO TB_THIET_BI VALUES(N'TB400',N'GIƯỜNG',N'P050',N'TỐT')
INSERT INTO TB_THIET_BI VALUES(N'TB401',N'ĐÈN',N'P050',N'TỐT')
INSERT INTO TB_THIET_BI VALUES(N'TB402',N'ĐÈN',N'P050',N'TỐT')

INSERT INTO TB_THIET_BI VALUES(N'TB403',N'QUẠT',N'P051',N'TỐT')
INSERT INTO TB_THIET_BI VALUES(N'TB404',N'QUẠT',N'P051',N'TỐT')
INSERT INTO TB_THIET_BI VALUES(N'TB405',N'GIƯỜNG',N'P051',N'TỐT')
INSERT INTO TB_THIET_BI VALUES(N'TB406',N'GIƯỜNG',N'P051',N'TỐT')
INSERT INTO TB_THIET_BI VALUES(N'TB407',N'GIƯỜNG',N'P051',N'TỐT')
INSERT INTO TB_THIET_BI VALUES(N'TB408',N'ĐÈN',N'P051',N'TỐT')
INSERT INTO TB_THIET_BI VALUES(N'TB409',N'ĐÈN',N'P051',N'TỐT')

INSERT INTO TB_THIET_BI VALUES(N'TB410',N'QUẠT',N'P052',N'TỐT')
INSERT INTO TB_THIET_BI VALUES(N'TB411',N'QUẠT',N'P052',N'TỐT')
INSERT INTO TB_THIET_BI VALUES(N'TB412',N'GIƯỜNG',N'P052',N'TỐT')
INSERT INTO TB_THIET_BI VALUES(N'TB413',N'GIƯỜNG',N'P052',N'TỐT')
INSERT INTO TB_THIET_BI VALUES(N'TB414',N'GIƯỜNG',N'P052',N'TỐT')
INSERT INTO TB_THIET_BI VALUES(N'TB415',N'GIƯỜNG',N'P052',N'TỐT')
INSERT INTO TB_THIET_BI VALUES(N'TB416',N'ĐÈN',N'P052',N'TỐT')
INSERT INTO TB_THIET_BI VALUES(N'TB417',N'ĐÈN',N'P052',N'TỐT')

INSERT INTO TB_THIET_BI VALUES(N'TB418',N'QUẠT',N'P053',N'TỐT')
INSERT INTO TB_THIET_BI VALUES(N'TB419',N'QUẠT',N'P053',N'TỐT')
INSERT INTO TB_THIET_BI VALUES(N'TB420',N'GIƯỜNG',N'P053',N'TỐT')
INSERT INTO TB_THIET_BI VALUES(N'TB421',N'GIƯỜNG',N'P053',N'TỐT')
INSERT INTO TB_THIET_BI VALUES(N'TB423',N'GIƯỜNG',N'P053',N'TỐT')
INSERT INTO TB_THIET_BI VALUES(N'TB424',N'GIƯỜNG',N'P053',N'TỐT')
INSERT INTO TB_THIET_BI VALUES(N'TB425',N'GIƯỜNG',N'P053',N'TỐT')
INSERT INTO TB_THIET_BI VALUES(N'TB426',N'ĐÈN',N'P053',N'TỐT')
INSERT INTO TB_THIET_BI VALUES(N'TB427',N'ĐÈN',N'P053',N'TỐT')

INSERT INTO TB_THIET_BI VALUES(N'TB428',N'QUẠT',N'P054',N'TỐT')
INSERT INTO TB_THIET_BI VALUES(N'TB429',N'QUẠT',N'P054',N'TỐT')
INSERT INTO TB_THIET_BI VALUES(N'TB430',N'GIƯỜNG',N'P054',N'TỐT')
INSERT INTO TB_THIET_BI VALUES(N'TB431',N'GIƯỜNG',N'P054',N'TỐT')
INSERT INTO TB_THIET_BI VALUES(N'TB432',N'GIƯỜNG',N'P054',N'TỐT')
INSERT INTO TB_THIET_BI VALUES(N'TB433',N'ĐÈN',N'P054',N'TỐT')
INSERT INTO TB_THIET_BI VALUES(N'TB434',N'ĐÈN',N'P054',N'TỐT')

INSERT INTO TB_THIET_BI VALUES(N'TB435',N'QUẠT',N'P055',N'TỐT')
INSERT INTO TB_THIET_BI VALUES(N'TB436',N'QUẠT',N'P055',N'TỐT')
INSERT INTO TB_THIET_BI VALUES(N'TB437',N'GIƯỜNG',N'P055',N'TỐT')
INSERT INTO TB_THIET_BI VALUES(N'TB438',N'GIƯỜNG',N'P055',N'TỐT')
INSERT INTO TB_THIET_BI VALUES(N'TB439',N'GIƯỜNG',N'P055',N'TỐT')
INSERT INTO TB_THIET_BI VALUES(N'TB440',N'ĐÈN',N'P055',N'TỐT')
INSERT INTO TB_THIET_BI VALUES(N'TB441',N'ĐÈN',N'P055',N'TỐT')

INSERT INTO TB_THIET_BI VALUES(N'TB442',N'QUẠT',N'P056',N'TỐT')
INSERT INTO TB_THIET_BI VALUES(N'TB443',N'QUẠT',N'P056',N'TỐT')
INSERT INTO TB_THIET_BI VALUES(N'TB444',N'GIƯỜNG',N'P056',N'TỐT')
INSERT INTO TB_THIET_BI VALUES(N'TB445',N'GIƯỜNG',N'P056',N'TỐT')
INSERT INTO TB_THIET_BI VALUES(N'TB446',N'GIƯỜNG',N'P056',N'TỐT')
INSERT INTO TB_THIET_BI VALUES(N'TB447',N'ĐÈN',N'P056',N'TỐT')
INSERT INTO TB_THIET_BI VALUES(N'TB448',N'ĐÈN',N'P056',N'TỐT')

INSERT INTO TB_THIET_BI VALUES(N'TB449',N'QUẠT',N'P057',N'TỐT')
INSERT INTO TB_THIET_BI VALUES(N'TB450',N'QUẠT',N'P057',N'TỐT')
INSERT INTO TB_THIET_BI VALUES(N'TB451',N'GIƯỜNG',N'P057',N'TỐT')
INSERT INTO TB_THIET_BI VALUES(N'TB452',N'GIƯỜNG',N'P057',N'TỐT')
INSERT INTO TB_THIET_BI VALUES(N'TB453',N'GIƯỜNG',N'P057',N'TỐT')
INSERT INTO TB_THIET_BI VALUES(N'TB454',N'GIƯỜNG',N'P057',N'TỐT')
INSERT INTO TB_THIET_BI VALUES(N'TB455',N'ĐÈN',N'P057',N'TỐT')
INSERT INTO TB_THIET_BI VALUES(N'TB456',N'ĐÈN',N'P057',N'TỐT')

INSERT INTO TB_THIET_BI VALUES(N'TB457',N'QUẠT',N'P058',N'TỐT')
INSERT INTO TB_THIET_BI VALUES(N'TB458',N'QUẠT',N'P058',N'TỐT')
INSERT INTO TB_THIET_BI VALUES(N'TB459',N'GIƯỜNG',N'P058',N'TỐT')
INSERT INTO TB_THIET_BI VALUES(N'TB460',N'GIƯỜNG',N'P058',N'TỐT')
INSERT INTO TB_THIET_BI VALUES(N'TB461',N'GIƯỜNG',N'P058',N'TỐT')
INSERT INTO TB_THIET_BI VALUES(N'TB462',N'GIƯỜNG',N'P058',N'TỐT')
INSERT INTO TB_THIET_BI VALUES(N'TB463',N'GIƯỜNG',N'P058',N'TỐT')
INSERT INTO TB_THIET_BI VALUES(N'TB464',N'ĐÈN',N'P058',N'TỐT')
INSERT INTO TB_THIET_BI VALUES(N'TB465',N'ĐÈN',N'P058',N'TỐT')

INSERT INTO TB_THIET_BI VALUES(N'TB466',N'QUẠT',N'P059',N'TỐT')
INSERT INTO TB_THIET_BI VALUES(N'TB467',N'QUẠT',N'P059',N'TỐT')
INSERT INTO TB_THIET_BI VALUES(N'TB468',N'GIƯỜNG',N'P059',N'TỐT')
INSERT INTO TB_THIET_BI VALUES(N'TB469',N'GIƯỜNG',N'P059',N'TỐT')
INSERT INTO TB_THIET_BI VALUES(N'TB470',N'GIƯỜNG',N'P059',N'TỐT')
INSERT INTO TB_THIET_BI VALUES(N'TB471',N'ĐÈN',N'P059',N'TỐT')
INSERT INTO TB_THIET_BI VALUES(N'TB472',N'ĐÈN',N'P059',N'TỐT')

INSERT INTO TB_THIET_BI VALUES(N'TB473',N'QUẠT',N'P060',N'TỐT')
INSERT INTO TB_THIET_BI VALUES(N'TB474',N'QUẠT',N'P060',N'TỐT')
INSERT INTO TB_THIET_BI VALUES(N'TB475',N'GIƯỜNG',N'P060',N'TỐT')
INSERT INTO TB_THIET_BI VALUES(N'TB476',N'GIƯỜNG',N'P060',N'TỐT')
INSERT INTO TB_THIET_BI VALUES(N'TB477',N'GIƯỜNG',N'P060',N'TỐT')
INSERT INTO TB_THIET_BI VALUES(N'TB478',N'ĐÈN',N'P060',N'TỐT')
INSERT INTO TB_THIET_BI VALUES(N'TB479',N'ĐÈN',N'P060',N'TỐT')

INSERT INTO TB_THIET_BI VALUES(N'TB480',N'QUẠT',N'P045',N'TỐT')
INSERT INTO TB_THIET_BI VALUES(N'TB481',N'QUẠT',N'P045',N'TỐT')
INSERT INTO TB_THIET_BI VALUES(N'TB482',N'GIƯỜNG',N'P045',N'TỐT')
INSERT INTO TB_THIET_BI VALUES(N'TB483',N'GIƯỜNG',N'P045',N'TỐT')
INSERT INTO TB_THIET_BI VALUES(N'TB484',N'GIƯỜNG',N'P045',N'TỐT')
INSERT INTO TB_THIET_BI VALUES(N'TB485',N'ĐÈN',N'P045',N'TỐT')
INSERT INTO TB_THIET_BI VALUES(N'TB486',N'ĐÈN',N'P045',N'TỐT')
INSERT INTO TB_THIET_BI VALUES(N'TB487',N'NÓNG LẠNH',N'P045',N'TỐT')
INSERT INTO TB_THIET_BI VALUES(N'TB488',N'ĐIỀU HÒA',N'P045',N'TỐT')
